user_id,tweet_count,username,name,created_at,liked_tweets_count,followers_count,followings_count,tweets_count
1333194410822152199,1,emillishshop,Emillish2,2020-11-30 07:41:38,0,0,0,74
839420851099471873,1,counterchekist,Counterchekist #StandWithUkraine,2017-03-08 18:21:41,52143,44,99749,1523
839420851099471873,1,counterchekist,Counterchekist #StandWithUkraine,2017-03-08 18:21:41,52143,44,99750,1523
1330671042260467713,1,Charles77232603,Veteran against tRump,2020-11-23 08:34:42,8750,187,88,211
1245052192668536832,1,Sapnapspickaxe,üÖøÔ∏èendejo,2020-04-01 02:15:55,16582,104,79,375
1141474611537702913,1,FBAvoices,FBA Voices üá∫üá∏,2019-06-20 06:35:29,3066,47,12250,1200
1035573028414021634,1,ImfeldTiffany,Tiffany üá∫üá¶,2018-09-01 01:00:24,23161,132,66,97
1304960865519767552,1,Jordieelizabet1,Jordieelizabeth,2020-09-13 09:51:54,484,118,73,11
1305577615512596487,1,GamerOnTheRight,Gamer On The Right,2020-09-15 02:42:44,1544,90,73,44
962213876,1,APCUKingdom,APC United Kingdom,2012-11-21 19:13:58,1,14,376312,19289
132468437,1,CIHRS_Alerts,CIHRS,2010-04-13 17:35:50,2230,154,30299,2723
1331382921094164483,1,vancoe2,van coe,2020-11-25 07:43:33,352,161,17,28
1231283792712736768,1,Patrick50616020,Patrick Campbell,2020-02-23 02:25:37,67,22,2,0
16789970,1,SenatorReid,Senator Harry Reid,2008-10-16 03:42:08,27,189,374014,419
1333154383278731265,1,CeciliaERouse,Cecilia Rouse,2020-11-30 05:03:53,0,69,21185,4
1212326379380867072,1,CDNLibertyGamer,CDNLibertyGamer,2020-01-01 18:55:24,3712,169,93,237
65691824,1,CarlyFiorina,Carly Fiorina,2009-08-15 01:50:35,324,97,589912,1437
579905748,1,smith522tom,TR,2012-05-14 20:16:43,3,63,9,0
1003363349831315456,1,TDL_Coop,TDL,2018-06-04 03:50:38,18836,102,782,39205
1028737564327456768,1,tony_asefa,Tony,2018-08-13 04:18:43,66,70,206,53
90960269,1,NedRiersen,Needle Nose Ned,2009-11-19 05:15:31,35415,83,82,1187
1325637865414385665,1,KrogerPay,a,2020-11-09 11:14:54,360,145,54,20
2824091471,1,curtscanyon,curt brubaker,2014-10-12 09:31:00,569,108,82,48
50468914,1,vonbrauckmann,Patrick Brauckmann üïâÔ∏è,2009-06-25 06:50:44,37428,108,118667,2648
50468914,1,vonbrauckmann,Patrick Brauckmann üïâÔ∏è,2009-06-25 06:50:44,37437,108,118665,2648
19418459,1,JerryBrownGov,Jerry Brown,2009-01-24 06:42:45,47,53,1005671,286
19418459,1,JerryBrownGov,Jerry Brown,2009-01-24 06:42:45,47,53,1005669,286
1091431036632944641,1,AuntEs2cents,Creatingthrumymidlifecrisis,2019-02-02 04:20:11,14610,164,308,738
1329654634961457157,1,JaboPoli,Brendan Thomas,2020-11-20 13:15:54,455,76,70,65
1241906232480407553,1,feminismrulez,Stephanie,2020-03-23 09:55:04,697,101,6,13
2248440226,1,fbk204,Frank Kessler,2013-12-29 01:12:57,2153,161,46,2077
833420884941627393,1,Cpa16129707,C.p.a.,2017-02-20 04:59:58,2598,25,18,110
1308485612337594373,1,DedeRells,Dede Margeret Rells üá±üá∫,2020-09-23 03:17:43,156,22,526,22
2646484700,1,dehartslist,Raven de Hart/Alex Danvers,2014-07-15 06:59:46,2217,175,129,44
830025987295367172,1,KWW0311,KW0311,2017-02-10 20:09:51,1673,40,17,41
266517562,1,tonline,t-online,2011-03-15 18:56:29,2095,154,13241,8973
2417391583,1,EaBiesbrock,Everett Biesbrock,2014-03-29 20:42:42,916,86,14,15
166593028,1,riteshk10,Ritesh K,2010-07-14 22:57:25,10102,15,110,20
1308078348539539457,1,gofobroke906,üå∫ Mrs Allen,2020-09-22 00:19:32,136,89,101,32
1268652347489759233,1,HectorMBaezJr,hector baez,2020-06-05 05:14:36,5615,115,4,1841
997977911054352385,1,LetUsStandProud,Jim,2018-05-20 07:10:50,13190,117,128,163
156464691,1,7NewsSydney,7NEWS Sydney,2010-06-17 09:05:23,8389,135,377490,198778
1711406461,1,PaulStanleyLive,Paul Stanley,2013-08-30 08:38:30,947,171,718244,3314
1325287687352356864,1,Forty___7,Forty7,2020-11-08 12:03:15,606,123,36,7
1157848416279396352,1,CyrusAParsa1,"Cyrus A Parsa, The A.I. Organization, ‚úç Â°ûÁëûÊñØ, AIÁªÑÁªá",2019-08-04 10:59:09,571,10,52999,382
1250599810962460674,1,Mikael62516083,Mikael,2020-04-16 09:40:18,15127,134,77,827
4672859618,1,jbaga01,JBAGA,2015-12-29 20:55:14,4321,23,40,1817
456972592,1,1BunsenHoneydew,TheBunsenHoneydewsHooman,2012-01-07 05:49:54,8266,142,66,274
1320254565514502145,1,Pradipkale4242,‚ÜóÔ∏èùîΩùïíùïü ùï†ùïó ùï§ùïíùïüùïïùïöùï° ùïîùïôùï†ùï¶ùïïùïôùïíùï£ùï™‚ÜóÔ∏è,2020-10-25 14:44:03,1287,100,89,424
1332915597110255619,1,Power2020Truth2,Truth2Power2020,2020-11-29 13:13:46,0,12,1,0
837614639261319169,1,MundoAlRojo,EL MUNDO AL ROJO,2017-03-03 18:44:26,3955,75,3184,1619
1284969099378987009,1,spread_love7x,KDotL,2020-07-20 05:51:32,7237,115,30,559
274231582,1,fixcars,Lowly Peasant,2011-03-30 08:15:08,8748,164,362,165
1325646643249737728,1,SeanWFletcher,SeanWFletcher,2020-11-09 11:49:34,19,20,3,1
143951899,1,AmytotheO,Human 269,2010-05-15 06:03:15,64675,74,525,1772
1244092301384863749,1,willanderson904,Golf Life,2020-03-29 10:41:44,2361,90,82,84
3083422234,1,WalpurgaMueller,Walpurga M√ºller-Schm,2015-03-10 15:08:06,9599,102,2018,4505
2447157140,1,david_mitchell,David Mitchell,2014-04-16 20:46:06,64,48,82750,210
798585713684004868,1,ikaxiao72,Ika,2016-11-16 01:57:25,305,88,81,93
919558302178185216,1,Seth_235,Seth üôè üé• üèà üé¢,2017-10-15 21:39:18,42145,42,84,70
1230116214577471493,1,LigmaOrBust,Ligma Variant,2020-02-19 21:05:41,94094,144,140,993
1040146057093627904,1,PakPMO,Prime Minister's Office,2018-09-13 15:51:59,0,15,3768036,7391
631810714,1,CNBCTV18News,CNBC-TV18,2012-07-10 16:32:06,947,186,1105359,167810
2494077308,1,NillaVII,MrSe7en,2014-05-14 19:42:59,13180,58,79,181
1055501597504094209,1,YoungDemsPutnam,Putnam Co. Young Democrats,2018-10-26 00:49:25,451,188,319,167
43971175,1,Guatevision_tv,Guatevisi√≥n,2009-06-02 04:58:32,34453,34,1209147,94189
246351308,1,palazzo214,CK14,2011-02-03 00:48:00,11307,125,9197,6514
944389763674632192,1,TheManWilson511,Dan Wilson,2017-12-23 10:10:40,2413,93,11,33
1255964339749691394,1,Rue_Girl_,Annie,2020-05-01 04:56:58,6495,120,106,177
149611460,1,graciesophia17,üá∫üá∏Brandy Robbinsüá∫üá∏,2010-05-30 02:51:12,2784,154,16,17
38687143,1,prensa_libre,Prensa Libre,2009-05-08 23:38:38,347,62,1624582,316368
132997488,1,Komanoff,Charles Komanoff,2010-04-15 02:58:01,4367,88,3024,1298
46746701,1,StacoS,s.t.√Ö.c.o. |online,2009-06-13 04:56:13,14097,50,24182,5621
346871800,1,VeronicaNyce,veronicanyce,2011-08-02 07:41:00,2500,87,233,250
14514804,1,Freakonomics,Freakonomics,2008-04-25 01:29:35,762,11,623686,1044
221452291,1,Know,know,2010-12-01 02:17:25,2007,57,1696016,9225
22763833,1,Outlookindia,Outlook India,2009-03-04 20:45:00,331,193,239776,58021
851343914653163520,1,JustAwHirsi,"Adam Aw Hirsi, PhD",2017-04-10 15:59:41,15065,20,122794,3665
1274832205835984899,1,RubyHeart2020,Christine,2020-06-22 06:32:22,3727,100,1344,118
822215673812119553,1,WhiteHouse45,The White House 45 Archived,2017-01-20 06:54:27,19,12,24435759,8422
1105024179630301184,1,wolvespotion,Wolf,2019-03-11 16:34:29,35722,157,91,199
1011013667188436992,1,TheDamageReport,The Damage Report,2018-06-25 06:30:16,2771,197,47509,8201
1011013667188436992,1,TheDamageReport,The Damage Report,2018-06-25 06:30:16,2771,197,47511,8201
283905627,1,alitarakcii,Ali TARAKCI,2011-04-18 15:28:04,26448,193,44516,2674
2432391961,1,ScottWaller10,Scott Waller,2014-04-08 01:48:35,5959,157,237,787
1037953753834565633,1,EagleEyePicks11,EagleEyePicks,2018-09-07 14:40:33,7621,89,2343,1959
1179502141251043328,1,GetVaxxxed2,BurnerAccount1 üáµüá∏üá∑üá∫,2019-10-03 05:03:26,580,110,49,63
1309513665985478662,1,LoriS80239858,Lori S.,2020-09-25 23:22:56,2128,173,155,31
25676606,1,Adnkronos,Adnkronos,2009-03-21 22:08:56,703,65,619270,244156
25676606,1,Adnkronos,Adnkronos,2009-03-21 22:08:56,703,65,619260,244153
25676606,1,Adnkronos,Adnkronos,2009-03-21 22:08:56,703,65,619267,244153
1058089767206862853,1,HhThee,El Poncho Jefe,2018-11-02 04:13:53,485,113,32,175
537755973,1,davejourno,David Lee,2012-03-27 07:50:28,7,55,1069,403
283735383,1,rsguy999,TrueNorthSNF,2011-04-18 06:41:17,3834,52,105,1932
796926000806252544,1,Tyler53050175,Tyler,2016-11-11 12:02:19,966,91,9,17
1168228166,1,granma_liz,Just looking,2013-02-11 16:06:40,2225,14,11,81
1325080806667194368,1,CherylLaur,Cheryl Laur,2020-11-07 22:21:27,249,35,11,4
64703223,1,camper1936,Gail A Gilvin,2009-08-11 20:46:56,7209,83,95,36
1332330164374495232,1,Rupert95257296,Rupert,2020-11-27 22:27:30,2,37,19,3
1275271850667372544,1,Swanny84J,JSwanny84,2020-06-23 11:38:06,10,4,0,0
44479112,1,NACHITO2009,JUAN ALONSO,2009-06-04 06:43:27,14252,89,74,1904
384974783,1,Muaddibisme,MuadDib - Maybe it's time for a general strike,2011-10-05 01:13:01,2167,127,73,335
1331707978559451143,1,banned_4_truth,America,2020-11-26 05:15:09,764,77,85,79
2719377835,1,RudawTurkce,Rudaw T√ºrk√ße,2014-08-09 21:28:07,13,6,172820,82045
1024711815807127552,1,BoiBustanut,toni,2018-08-02 01:41:49,29374,162,127,83
767942137417572352,1,GodzillaMendoza,Xavier Mendoza,2016-08-23 12:30:48,85972,154,25410,2438
2279705827,1,actualidadpanam,Act Panamericana,2014-01-07 07:05:40,10683,121,788905,3839
186227903,1,Tolaymaruja,Tola y Maruja,2010-09-03 06:20:46,685,1,1437210,15371
1305711053024624646,1,pattypuppet,Pattypuppet,2020-09-15 11:32:59,4526,99,58,27
4484115214,1,MarkHertling,MarkHertling,2015-12-15 03:04:25,101650,171,482748,1475
1031747223569227776,1,DarrenJBeattie,Darren J. Beattie üåê,2018-08-21 11:38:01,25447,99,236476,896
442456291,1,ColbyCovMMA,Colby Covington,2011-12-21 12:16:34,8568,144,461993,418
860110061019947008,1,quean_bee,beth‚Å∑ ‚Ä¢ GOLDEN OUT NOW,2017-05-04 20:33:13,50222,170,222,677
192547775,1,PressTV,Press TV,2010-09-19 21:30:33,3514,75,318397,112081
192547775,1,PressTV,Press TV,2010-09-19 21:30:33,3514,75,318337,112081
1166546779204177920,1,LorenWalensky,Loren Walensky,2019-08-28 11:03:49,421,43,5506,120
1299007622968901637,1,Not_the_Bee,Not the Bee,2020-08-27 23:35:37,313,184,366660,774
288238135,1,DWellsfry,I Can Handle the Truth,2011-04-26 21:57:22,24230,118,197,1009
1224032342106427394,1,TGDNews,TGDNews,2020-02-03 02:10:39,99,100,4843,351
21408397,1,SahilRiz,Sahil Rizwan,2009-02-21 00:07:40,2183,33,51100,4096
55329156,1,RNCResearch,RNC Research,2009-07-10 03:08:45,206,68,508630,26786
22084427,1,robdelaney,rob delaney,2009-02-27 08:19:20,436279,1,1528747,4320
22084427,1,robdelaney,rob delaney,2009-02-27 08:19:20,436508,1,1528748,4320
22084427,1,robdelaney,rob delaney,2009-02-27 08:19:20,436503,1,1528749,4319
22084427,1,robdelaney,rob delaney,2009-02-27 08:19:20,436504,1,1528749,4319
27804789,1,ladyhustle,ladyhustle,2009-03-31 11:32:41,441,37,8,221
56849759,1,xiruahu,Julio Cesar ‚òïüö¨‚ôâ,2009-07-15 07:13:40,42781,7,231,2734
1080601993,1,Mark_NYC_67,Mark NYC 67,2013-01-12 02:50:29,366,113,25,73
1021871507595816960,1,Dixieann18,Dixieann,2018-07-25 05:35:27,95175,31,424,429
452992293,1,RamliRizal,Dr. Rizal Ramli,2012-01-02 21:22:40,4857,58,1107016,5558
407464670,1,APFactCheck,AP Fact Check,2011-11-08 11:32:19,0,9,78276,38
1284989402448629763,1,braska_n,Braska N,2020-07-20 07:12:31,959,146,48,27
1187741810870886401,1,RickHales8,Rick Hales,2019-10-25 22:44:59,45,22,15,55
1254299385850146816,1,Britt8711,Britt87,2020-04-26 14:41:05,7476,101,30,11
1321062925956767745,1,FloridaRepNY,Florida Underboss,2020-10-27 20:16:51,851,12,427,5185
1321062925956767745,1,FloridaRepNY,Florida Underboss,2020-10-27 20:16:51,850,12,427,5186
2872655103,1,cz_nyc,cz,2014-11-12 02:52:55,46,182,5,17
1322303294019194882,1,bravo787890,bravo,2020-10-31 06:24:40,18,122,35,531
889862238168727556,1,F_E_Wander,PERSIST!,2017-07-25 22:57:45,35701,0,464,1094
1605396716,1,1Suzee,Suzie,2013-07-19 16:06:40,1701,97,45,6
1254902678712471554,1,DaphneVasquez16,Daphne Vasquez,2020-04-28 06:38:31,679,29,6,0
108462354,1,natebeam,Beam,2010-01-26 09:08:57,955,193,57,27
325609011,1,draco9384,Listless Vessel Draciele,2011-06-28 23:40:12,992,180,216,422
1025792077223919619,1,TKLmomma,Carol J,2018-08-05 01:14:24,20235,40,81,44
1246263621413294081,1,wester_c,K.C. Wester,2020-04-04 10:29:58,7082,93,7,1
234190156,1,Dale_Chu,Dale Chu,2011-01-05 09:43:50,2487,95,4506,1706
4502762053,1,SGhubril,Saleem Ghubril,2015-12-09 10:09:17,3209,98,839,292
818864954141003780,1,Marianne_TVoff,Marianne TV,2017-01-11 00:59:53,157,164,44623,2884
159992511,1,ConHome,ConservativeHome,2010-06-27 06:14:15,300,12,107968,343
159992511,1,ConHome,ConservativeHome,2010-06-27 06:14:15,300,12,107969,343
1593295976,1,LondonEconomic,The London Economic,2013-07-14 20:36:49,10208,19,72490,9140
885487044243238912,1,rashtrapatibhvn,President of India,2017-07-13 21:12:17,1,2,23553024,6858
3224571488,1,Carolen48647200,S.A. Hoo,2015-05-24 04:31:09,15513,104,66,134
715646522,1,berg_stian,Stian Berg,2012-07-25 15:15:51,90,78,4,1
28366639,1,AnthonyAveyard,Anthony Aveyard üîÜ,2009-04-03 00:19:53,11018,157,87,325
3152644679,1,dn_nation_world,Detroit News: Nation,2015-04-10 04:07:27,5,37,1055,10990
1226052446209880064,1,TheRealChrisG0,President-elect Christo,2020-02-08 15:58:01,60,67,22,3
1295964951400652802,1,NorcalRoc,norcal_roc,2020-08-19 14:05:12,66,116,1,1
3107902592,1,tagabhishek,Abhishek Saxena ‚úà,2015-03-26 02:58:35,1,94,2436,27637
384555015,1,LuckyMe1957,Michele Jones,2011-10-04 06:13:50,85,147,23,7
614905031,1,throwbackagb,Throwback not Ariana,2012-06-22 14:13:29,22754,162,257708,14070
1323725054551617536,1,BossJ53295942,BossJ,2020-11-04 04:34:04,836,26,15,55
1301302838186786818,1,BigHapBauer,Big Hap Bauer,2020-09-03 07:36:50,12849,29,31,118
741350311365726208,1,TManitowoc,TickTockManitowoc,2016-06-11 03:24:22,42886,36,44359,5082
1179878895492812800,1,LawLady2019,LawLady2019,2019-10-04 06:00:37,11054,39,144,1675
810990218,1,MeenaKShah,Meenamoo,2012-09-08 22:05:09,97045,172,648,2727
1078839120934260738,1,Ally14016563,Ally,2018-12-29 10:24:25,762,92,80,6
236517149,1,robthoburn,Rob Thoburn,2011-01-11 03:33:11,1226,80,119,155
1059545364322287617,1,BaghdadPostPlus,The Baghdad Post,2018-11-06 04:37:55,0,3,5115,8595
1296546753060245520,1,choosedemo,choosedemocracy,2020-08-21 04:37:06,165,65,2622,25
22240612,1,AlArabiya_Eng,Al Arabiya English,2009-02-28 16:31:32,0,46,933677,116246
316097973,1,StateofMS,State of MS,2011-06-13 07:05:59,823,24,2652,472
8192222,1,Jezebel,Jezebel,2007-08-15 06:57:34,227,55,292922,74210
8192222,1,Jezebel,Jezebel,2007-08-15 06:57:34,227,55,292927,74210
22310731,1,mrbromwich,Michael R. Bromwich,2009-03-01 07:55:25,1002,88,91053,4
1654511678,1,52Ttall,Tammy,2013-08-08 11:58:35,173,82,20,39
2423747006,1,poroshenko,–ü–µ—Ç—Ä–æ –ü–æ—Ä–æ—à–µ–Ω–∫–æ,2014-04-02 20:41:51,145,138,1328020,12439
121989966,1,metamancer,Metamancer,2010-03-11 15:08:53,72934,170,97,217
900797550088867841,1,m_sam489,M,2017-08-25 03:10:46,190,85,7,8
1244429788493864962,1,DakotaDelRey1,Wayward Wytch Bytch,2020-03-30 09:05:12,342,129,24,70
878333312288161792,1,_Islamicat,Islamicat üí£üòæüïå üí•,2017-06-24 03:25:55,11215,196,63503,9181
717162223567814656,1,phyltay_va,PT,2016-04-05 09:29:33,49380,47,144,3
916272866915700738,1,b0ssguy300,B0ssguy üáµüá∏,2017-10-06 20:04:09,46572,119,78,754
1214220617693552645,1,ProfPLOLumumba,PLO Lumumba,2020-01-07 00:22:37,378,165,250766,827
3294643450,1,shaynaxena,Colleen Carroll,2015-05-23 07:18:09,118161,168,517,1050
2504675997,1,BrittBettye,Bettye Britt,2014-04-24 03:10:52,730,97,10,38
1189575722727292929,1,Tone420Xrp,Falcorn,2019-10-31 00:12:22,54189,168,230,241
867330446,1,Litlrox,Litlrox,2012-10-08 11:04:43,16898,101,264,9282
143525834,1,RinconSalfate,Juan Andr√©s Salfate,2010-05-14 02:18:37,436,103,1357815,12311
896579387553832961,1,QLadyVeritas,Carol,2017-08-13 11:49:18,7,18,11,8
886335560,1,ruvirivlin,◊®◊ê◊ï◊ë◊ü (◊®◊ï◊ë◊ô) ◊®◊ô◊ë◊ú◊ô◊ü,2012-10-17 15:48:14,63,99,112020,1892
1192317067082420224,1,0x_brian,0xBrian,2019-11-07 13:45:34,19233,170,452,186
1320693165763035136,1,bidenforchange_,Biden for change,2020-10-26 19:47:37,50,150,30,49
242374336,1,insiderpolitics,Insider Politics,2011-01-25 00:51:34,122,96,50066,43217
1063844677139476481,1,brotherjones_,Rep. Justin Jones,2018-11-18 01:21:51,5489,183,306362,538
37323623,1,CobyValentine,Coby's Gambling Corner,2009-05-03 08:51:40,58618,88,10546,7174
1162750386979008512,1,asidsznn,asid,2019-08-17 23:37:58,1448,101,99,18
21778728,1,MANewhall,"Dangerous ideas, M. A. Newhall",2009-02-25 02:19:51,26315,124,138,318
241983890,1,New_Narrative,Mike Walker,2011-01-24 01:07:48,3744,14,14001,113477
1189957296513847296,1,Elcaspian1,ùï¥ùñòùñÜùñÜùñà ùïÆùñîùñìùñôùñóùñäùñóùñÜùñò,2019-11-01 01:28:45,2463,30,50,946
977262649351208971,1,MsShadowFlower,CatsRCool,2018-03-24 03:15:47,1504,40,14,1
592940792,1,WeCanCoexist60,Leah,2012-05-29 02:14:27,7016,120,29,52
1689200952,1,OldSchool_JoeyD,Joey D,2013-08-22 05:06:40,37663,135,340,7329
1299041685767217152,1,SpeakerCupp,Speaker Bob Cupp,2020-08-28 01:51:38,46,91,3487,90
949430651702329344,1,hollibluapp,HOLLIBLU,2018-01-06 08:01:21,120,65,107,15
1315546414592786433,1,Citycrownfoods,Adedayo,2020-10-12 14:55:25,38,118,12,5
88561126,1,DebbieHatmaker,Debbie Hatmaker,2009-11-09 09:33:53,283,115,2269,119
53606937,1,jamestaranto,James Taranto,2009-07-04 13:45:11,177,153,59431,3681
700386964852383744,1,mmct225,Mary McTigue,2016-02-19 02:30:39,210,183,26,5
994108466196287488,1,soilandleaves,MomGardener,2018-05-09 14:55:02,1439,40,39,314
969234094239264769,1,SweetRnHustle,sweetnursehustle,2018-03-01 23:33:10,646,190,107,67
36325462,1,AhmedJaf,Ahmed Jaf,2009-04-29 17:51:47,23866,61,19803,2376
350286040,1,Hillary4POTUS,Stop the Insanity,2011-08-07 22:31:52,2686,94,981,672
544641143,1,BBCMarikoOi,Mariko Oi Â§ß‰∫ïÁúüÁêÜÂ≠ê,2012-04-04 06:30:08,1,50,30858,3234
141208596,1,sureshpprabhu,Suresh Prabhu,2010-05-07 21:02:49,13838,186,4337839,9088
1095291385312206848,1,SurajKrBauddh,Suraj Kumar Bauddh,2019-02-12 19:59:50,23938,125,282380,2268
98362607,1,News18India,News18 India,2009-12-21 20:11:21,2224,82,3209032,256612
1268314424718262272,1,BlkDollsWorld,Erica,2020-06-04 06:51:54,533,38,248,1810
75137937,1,VeganAri,Ari Solomon,2009-09-18 06:49:37,22127,154,19703,3005
2181410388,1,jimzops,JimZops,2013-11-08 11:56:53,343,6,0,12
1329523889051820032,1,Maddybug13,Maddy Langford,2020-11-20 04:36:20,186,102,76,5
1325530959173783557,1,PoliticalSloth3,Anonymous Sloth,2020-11-09 04:09:50,919,36,40,48
1634158236,1,MrL1ama,John,2013-07-31 08:48:20,49191,114,158,1112
570430746,1,greenarmy62,greeno,2012-05-04 06:51:01,625,158,81,14
18460763,1,chrissydolezal,Chrissy,2008-12-30 05:40:32,8606,85,84,147
863711606,1,VirginiaSmall6,close account,2012-10-06 05:38:24,6696,42,22,32
1689143826,1,TransfersLlVE,Transfer News,2013-08-22 04:36:26,11,100,271483,3276
1098694358037983233,1,ResearchWing,Research Wing,2019-02-22 05:22:02,9561,42,8286,2591
110541886,1,drgeorgealliey,Dr. George Alliey/Miembro CCL,2010-02-02 06:40:13,3096,198,400,245
871144903010549761,1,DMVOFFROADINC,DMV OFFROAD,2017-06-04 07:21:44,6,35,2,1
3877152493,1,RabunRaven,RabunRaven,2015-10-13 12:59:51,2584,175,208,956
69172612,1,arabnews,Arab News,2009-08-27 10:15:51,5,44,499844,186862
50781590,1,argenisdarienzo,Argenis D'Arienzo,2009-06-26 05:48:55,186,120,45574,1088
87008728,1,BeastmodeHutz,James H,2009-11-03 03:27:13,328,58,14,5
2173167498,1,Ocampo3130,Patriciaüåª,2013-11-04 10:24:25,11091,166,133,2051
1181936905820266496,1,AmbLiuXiaoMing,ÂàòÊôìÊòéLiu Xiaoming,2019-10-09 22:18:32,75,44,330503,1810
1471529340,1,noemir_2561,Noemi ü¶â,2013-05-31 15:14:53,7357,110,36,41
25300308,1,LesterHoltNBC,Lester Holt,2009-03-19 22:08:55,166,168,528947,676
1090873074,1,peterhorton,Peter Horton,2013-01-15 11:08:26,4651,167,6683,290
1244960680001835010,1,FacesOfCOVID,FacesOfCOVID,2020-03-31 20:12:20,5963,4,133129,3389
3244901049,1,DovLipman,Dov Lipman,2015-05-10 22:55:55,534,116,3070,912
30331067,1,Marth27,Martha Madison,2009-04-11 06:37:36,27483,1,28287,100
803307044,1,crknapp79,Clint #1 reply guy,2012-09-05 06:06:10,8048,181,142,482
700663554,1,Rhetorical_Name,Abhorrent,2012-07-17 16:33:44,14018,117,71,194
1233175672102834176,1,Tyasiaelliott05,Tyasia Elliott,2020-02-28 07:43:10,45,35,4,1
1027693098,1,95Stewart95,Stewart Williams,2012-12-22 11:58:18,3656,78,79,185
1303560491785244672,1,Noone02797983,Noone,2020-09-09 13:07:06,584,7,5,32
1323730225067339784,1,WhiteHouse,The White House,2020-11-04 04:55:58,43,6,8782074,3346
1323730225067339784,1,WhiteHouse,The White House,2020-11-04 04:55:58,43,6,8782066,3346
261559432,1,MarshalBingBell,Marshal Bing Bell,2011-03-06 13:51:30,766,83,33,107
1100475596197498881,1,BlackWomenExist,Unapologetic Black Woman,2019-02-27 03:20:02,5849,149,146,723
84163952,1,lawkid12345,Patrick,2009-10-22 05:12:45,39519,158,2640,416
84163952,1,lawkid12345,Patrick,2009-10-22 05:12:45,39520,158,2640,416
1303002408725798912,1,JimmyLau8,Ë∞éË®ÄÊ≤ªÂõΩÔºÅ,2020-09-08 00:09:49,16623,85,146,339
722950850,1,XHespanol,China Xinhua Espa√±ol,2012-07-29 06:46:53,1180,19,117038,104218
4114061121,1,WanmingYang,Ê•äËê¨ÊòéYang Wanming,2015-11-05 03:23:12,865,97,81651,538
187429137,1,minhtngo,Minh Ngo,2010-09-06 13:41:31,43911,197,33517,2118
3327058574,1,I__LOVE_TRUMP,The Gunner's Wife,2015-08-24 03:11:02,19797,17,3454,4498
1072867156046503936,1,XpressBengaluru,TNIE Karnataka,2018-12-12 22:53:57,2320,78,27335,7362
42894241,1,SarahMinton,Sarah Minton,2009-05-27 22:35:05,2062,152,60,25
1244635047455363072,1,mrmanojpjain,Manoj Jain,2020-03-30 22:38:26,428,87,6,100
833110283270778882,1,Falco_the_cat,Falco,2017-02-19 08:25:44,99,44,0,23
336840057,1,IAMKSOULJJAH,K.,2011-07-17 08:46:37,5283,125,716,102
934762628911648769,1,Anna64077341,Anna,2017-11-26 20:35:52,277553,144,1135,13
880974660568965120,1,TSubtext,Tacit Subtext is @tsubtext@mindly.social,2017-07-01 10:21:41,22364,18,1327,5441
1157696822795821056,1,Freeyomind2,Freeyomind ADOS,2019-08-04 00:56:46,5413,189,248,88
1240240472498548737,1,aziz_mikaal,Mikaal J. Aziz,2020-03-18 19:35:58,51,38,3343,264
1238753558041944065,1,waleed_bunnyxd,bunnyxd,2020-03-14 17:07:43,781,101,25,120
1127866292281561088,1,SelenaLau2,Selena Lau,2019-05-13 17:20:53,10296,89,22,4
1313717134355320833,1,MirandaHofreit1,Miranda Hofreiter,2020-10-07 13:45:59,165,199,122,4
4485449067,1,TronBloke,TronBloke,2015-12-15 06:16:15,42301,88,210,501
1230659286663127045,1,flare_edits1,flare,2020-02-21 09:04:14,350,169,100,24
802933253657296896,1,PortalSkam,PORTAL SKAM,2016-11-28 01:53:00,8877,44,49701,5374
1121018642,1,Kewaunee521,Randall Beatriz,2013-01-26 13:16:24,6459,10,17,4
1321332996851425280,1,RorwickTony,Tony Rorwick,2020-10-28 14:09:00,365,56,12,11
176979194,1,cronica,Diario Cr√≥nica,2010-08-11 07:17:47,44021,150,859268,61828
1231954769239052288,1,RoyGamble9,Roy Gamble,2020-02-24 22:51:39,10218,152,84,853
1179808736401072128,1,KayKaty,üá∫üá∏üá∫üá¶üåª Democracy Fan,2019-10-04 01:22:11,13414,154,756,8993
1855206314,1,VladdeLuna,Vladimir Luna,2013-09-12 03:11:40,2019,173,48,186
1105328746737926144,1,LessShot,One Less Than Perfect Shot,2019-03-12 12:44:44,4495,9,98482,2880
2357501682,1,Ashes_love2013,JuliaG,2014-02-23 13:39:51,1588,108,27,71
117822723,1,samrogo,Samuel Rodr√≠guez G.,2010-02-27 02:45:08,3416,198,262,168
16463853,1,_MAXWELL_,MAXWELL,2008-09-26 12:43:18,20259,0,1227955,4778
16463853,1,_MAXWELL_,MAXWELL,2008-09-26 12:43:18,20260,0,1227963,4778
844052012421537792,1,FAME0424,F.A.M.E,2017-03-21 13:04:16,4074,114,15,16
3308311104,1,DrMassarweh,"Suleiman Alfred Massarweh, MD üáØüá¥üá∫üá∏",2015-08-07 10:36:47,4911,18,509,79
1049530141565698049,1,IbraheemSamirah,Ibraheem Samirah,2018-10-09 13:20:59,8305,161,16520,737
1049530141565698049,1,IbraheemSamirah,Ibraheem Samirah,2018-10-09 13:20:59,8305,161,16523,737
1102642783,1,Steampunk_T,ùêíùê≠ùêûùêöùê¶ùê©ùêÆùêßùê§ ùêìùêûùêßùêùùêûùêßùêúùê¢ùêûùê¨,2013-01-19 11:04:30,19589,184,120493,5250
17220934,1,algore,Al Gore,2008-11-07 06:21:18,47,45,2880137,402
67742223,1,Pirilee,planes,2009-08-22 06:45:36,3758,190,197,446
22099721,1,MariBones3,I'M THINKING...,2009-02-27 11:02:08,1320,143,23,3
238277887,1,mkharsh33,Mike Harshman,2011-01-15 04:04:42,26872,146,461,1162
1337212379407511552,1,Thecollectivea3,The collective and colorful ‚Äúwe‚Äù,2020-12-11 09:47:48,1290,180,62,133
1341392595126280192,1,GermanVaccine,Brain Seeker,2020-12-22 22:38:21,6964,21,28,219
1276208341413494787,1,AmyGDal08328672,Amy G Dala,2020-06-26 01:43:17,62,24,22,11919
1267652191667527681,1,Kathy47443622,Kathy,2020-06-02 11:00:24,1445,82,5,97
1315786981029404673,1,JanYelverton,jan e yelverton,2020-10-13 06:51:34,230,38,2,3
46856589,1,HumanityWarRoom,No!,2009-06-13 17:03:00,60194,149,1924,2600
1075564425661300736,1,TrumpPod,Making Podcasts Great Again,2018-12-20 09:31:56,6678,46,23282,912
1287008073039699968,1,IgeduJulius,Tommy Jay,2020-07-25 20:53:47,192,108,27,6
38487368,1,mgmoore72,Michael Moore,2009-05-08 02:34:34,46,121,36,9
802157132430934016,1,DanCarruthers5,Dan Carruthers,2016-11-25 22:28:58,14,55,2,1
3256103181,1,desmuma,stephen f desmond,2015-05-15 18:48:27,931,60,12,2
899645462457839616,1,fwtruthbetold,Francine Wheeler,2017-08-21 22:52:47,498,157,0,47
864624241769164800,1,53616c74,Alleck Ollpheist,2017-05-17 07:30:58,2963,63,169,969
1195383073875136514,1,Valerie88942542,Valerie Davenport,2019-11-16 00:49:00,206,28,140,3
1327338199245484032,1,V89542427,V,2020-11-14 03:52:40,1,57,5,14
1030924897860681728,1,JeffreyFlake,Sen. Jeff Flake Press Account (Parody),2018-08-19 05:10:24,82,12,541,87
974648482232520705,1,PP_Represent,ProPublica Represent,2018-03-16 22:08:01,8,6,1607,274
56878214,1,darinp2,BarrDeceived4Trump,2009-07-15 09:07:23,143067,74,4137,9443
120750710,1,fud31,Fredric U. Dicker,2010-03-07 20:35:53,27479,100,17691,2672
2774393479,1,lunchtimepol,Lunchtime Politics,2014-08-28 03:44:07,4,37,524,41
6039302,1,stltoday,St. Louis Post-Dispatch,2007-05-15 01:51:34,907,77,292192,34212
6039302,1,stltoday,St. Louis Post-Dispatch,2007-05-15 01:51:34,907,77,292191,34212
75038057,1,mcmdelalxxxv,ùïûùï†ùïüùï•ùïñ,2009-09-17 23:28:13,1763,31,446,267
1309955506665148416,1,ondaonevler1,10/10 EV,2020-09-27 04:38:35,855,0,157394,1923
256298734,1,docdcc,Dave #StopTheSqueal,2011-02-23 09:59:09,2874,106,123,1087
138091552,1,marcinchn,martinmartin,2010-04-29 00:04:59,3973,36,72,638
1025303579681345536,1,AVeteran1956,Muhammad Haroon Aslam HI(M) SBt (Lt Gen- Retd),2018-08-03 16:53:17,2293,197,189646,1073
2334147193,1,sameheshak1,Sameh N Eshak,2014-02-09 06:06:33,2855,60,364,692
5715752,1,zeitonline,ZEIT ONLINE,2007-05-02 23:17:01,2751,68,2593614,14542
536141180,1,trueman008,Oscar,2012-03-25 17:12:35,13623,104,186,80
164425558,1,JonErlichman,Jon Erlichman,2010-07-09 05:17:18,14339,102,387072,10234
881457259,1,indpendent_Miss,Independent Miss,2012-10-15 11:20:26,2115,114,21,212
34327520,1,jeffsekerak,Jeff Sekerak,2009-04-23 01:00:40,333629,44,43838,5300
34327520,1,jeffsekerak,Jeff Sekerak,2009-04-23 01:00:40,333684,44,43838,5300
1293925298115940352,1,IamEricQuick,Eric Quick,2020-08-13 23:00:18,194,58,6,4
1526227070,1,khaledshams18,khaledshams,2013-06-18 07:57:16,3395,135,44,156
1328306415941939201,1,gia_fontana,Gia Fontana,2020-11-16 19:58:44,12429,175,98,253
704943112217608193,1,MattBraynard,Matt Braynard,2016-03-02 16:15:09,4882,20,143448,1450
1264915780086489088,1,iyikiogrendim,ƒ∞yi ki √ñƒürendim,2020-05-25 21:47:24,3779,8,494684,13528
2511173870,1,Jonathan_Cahn,Jonathan Cahn,2014-05-21 02:57:44,0,0,42575,2032
1293882258609311745,1,SelsomeStuart,Stuart Selsome,2020-08-13 20:09:12,56085,171,124,692
65200595,1,RoyalLior,Lisa,2009-08-13 07:31:14,1915,74,37,11
1334191668162125824,1,JGardner_59,‚ú®Rational Thinker ‚ú®,2020-12-03 01:46:24,8087,163,116,208
563712850,1,VicToensing,Victoria Toensing,2012-04-26 21:08:32,36,30,153441,14
563712850,1,VicToensing,Victoria Toensing,2012-04-26 21:08:32,36,30,153435,14
519829312,1,jazz_thekid,jazz,2012-03-10 05:16:50,11580,138,365,142
479017220,1,hakeemjeffries,Hakeem Jeffries,2012-01-31 06:40:46,9,112,161441,167
798873625596198913,1,DamnableLiberal,"The public wants results, not bipartisanship.",2016-11-16 21:01:29,749,99,41,187
1317948792533037061,1,GouLinton,Gou Linton,2020-10-19 06:01:21,833,90,8,2
1141207910040690688,1,Mere_300,Mere,2019-06-19 12:55:43,19063,191,248,1839
1280275028047618048,1,America44961972,American Citizen,2020-07-07 06:59:07,0,1,0,31
1238189718904418308,1,poly_shuffle,ItDontMatterIfYoureDorR,2020-03-13 03:47:00,4641,196,11,8
1252023275477139456,1,CynthiaWhaley19,Cynthia Whaley,2020-04-20 07:56:44,975,2,55,1274
1707512646,1,fmiller26,Dean Miller,2013-08-28 23:12:21,53774,184,2440,14
1314034201059098625,1,Fixer7772,Fixer777,2020-10-08 10:50:45,2621,44,6,35
372557010,1,DJMikeCee514,Mike Cherna,2011-09-13 08:16:31,1069,56,51,465
956738114516606976,1,dameillyadillya,dameillyadillya,2018-01-26 11:58:36,2113,172,34,258
826817487077470208,1,trumpinterprtr,Trump Interpreter,2017-02-01 23:40:25,3630,3,1103,3881
41877671,1,cfosterworld,chris foster,2009-05-23 03:04:13,15961,92,3148,753
1174749220361973760,1,LeftyLucey1,Rosa Snarks,2019-09-20 02:17:45,5843,58,23,354
1160010694168735744,1,ICastr8Fascists,All4classwar!‚ò≠,2019-08-10 10:11:16,192,87,35,40
1296929430560858112,1,Phil95821996,Phil,2020-08-22 05:57:36,137,41,3,8
1325393021857357826,1,DogsHistorian,Dogs_Historian - Giovanni Padrone üá∫üá¶üáÆüá±,2020-11-08 19:01:48,62656,102,1316,3072
1258853029500948480,1,acab2660,1aCaballero,2020-05-09 04:15:40,11399,171,109,393
1286896434604838912,1,Aerolite275,·¥Ä·¥á Ä·¥è ü…™·¥õ·¥á,2020-07-25 13:30:03,229,112,11,47
1271400331423907840,1,JackFox53296720,Jack Fox,2020-06-12 19:14:07,129,44,1,6
286602060,1,darentm,darentm,2011-04-23 17:38:54,1534,161,89,12
865365926635589633,1,ASaxhere,Andrew,2017-05-19 08:38:09,7,120,8,0
20795217,1,aaronbrown99,Aaron Brown,2009-02-14 02:57:14,30381,173,112,515
1281648451663597568,1,areyadoneyet,areudoneyet,2020-07-11 01:56:28,3271,102,3,2
1071100866118205440,1,toptenline,Top Ten Line,2018-12-08 01:55:21,370,39,4,583
932359200,1,FarahGhuznavi,Farah Ghuznavi üìö,2012-11-08 00:00:48,173388,130,2604,5112
467727105,1,GottaWunder,Billy Stewart,2012-01-19 03:45:06,2642,171,43,139
21816539,1,TheLostOgle,The Lost Ogle,2009-02-25 08:22:41,2780,58,64522,3821
1284890967921831938,1,TrumpIsTheViru2,TrumpIsTheVirus,2020-07-20 00:41:37,1405,29,6,206
269755867,1,gs701,gera salas,2011-03-21 19:47:39,38,101,1353,67
1294115955899920385,1,vmcintee1,vmcintee,2020-08-14 11:38:07,13347,49,38,7
1177583903156178944,1,AnnFoxRR1,Ann Fox,2019-09-27 22:01:15,3973,5,39,96
1336639251778297856,1,jeremytijerina2,jeremytijerina,2020-12-09 19:50:16,884,27,2,5
780580358408380417,1,kbally14,Kim,2016-09-27 09:30:34,3438,68,2,33
26787247,1,russd27,Russ D,2009-03-27 00:34:37,654,75,151,579
718883631775805440,1,carrmania,Lock him up! #TraitorTrump,2016-04-10 03:29:48,10322,138,148,1874
1181969729956630528,1,fuji_kid,FujiKid,2019-10-10 00:29:39,304,6,3,31
1025731992,1,wideawake828,wide awake üë§üë©üèºüßëüì∏üì∫,2012-12-21 13:50:44,32291,165,121,688
1315636810337271808,1,manda_kalyan,TheWholeTruth Ó®Ä,2020-10-12 20:54:22,28932,141,175,3470
2378934716,1,KateinElstead,Kathryn Brooke,2014-03-09 00:02:44,28886,184,235,274
1575381804,1,p_m_douglas,P Douglas,2013-07-07 23:25:55,2795,118,42,282
466662486,1,KurtDepnerENGL,KurtDepnerENGL,2012-01-18 01:11:51,8079,93,863,1010
471165663,1,lazysuzan123,lazysusan,2012-01-22 23:33:10,1682,126,39,131
997262132763856896,1,DeeRockStal,Dee,2018-05-18 07:46:35,44717,145,130,47
17437917,1,VeeveeArcher,üôÉ,2008-11-17 17:07:26,10325,5,0,1148
1272041983129735168,1,abracab6669,abracab6669 üá∫üá¶ üá∫üá¶,2020-06-14 13:43:52,11804,164,104,361
1268570800728276992,1,EdwardP48464217,Edward Parks,2020-06-04 23:57:16,58871,146,144,1
4086842596,1,CarlaS_123,Politics Unhinged,2015-11-01 10:22:00,1117,37,10,260
1337575796089573377,1,CalBelladonna,BelladonnaLV is registered to vote!üüßüå∑‚òïÔ∏è‚ôìÔ∏è,2020-12-12 09:51:46,1102,192,106,1370
625085300,1,MarkiCallaway,Marki Callaway,2012-07-03 07:28:00,151609,25,752,90
2823365080,1,EducationDoes,Education Matters,2014-10-12 02:48:01,16505,165,285,938
2913996422,1,RKolachalam,Dr. Ram Kolachalam,2014-11-30 01:46:39,1539,166,57,19
925931241819529216,1,whataboutnowpod,What About Now? üêà‚Äç‚¨õÔ∏è üêÄ,2017-11-02 11:43:05,1103,64,34,1120
32286759,1,aliceintrees,AliceInTrees,2009-04-17 11:29:03,484,187,10,23
1327477399395598336,1,TrumpkoolA,TrumpKool-Aid,2020-11-14 13:04:29,1029,7,6,65
800645486155661312,1,lunacy1600,decency1600,2016-11-21 18:22:14,2599,192,41,13
3176979050,1,dmwierz45,dmwierz99,2015-04-27 01:57:59,2707,159,37,129
881177491611824129,1,commonsense_L,Advocate 4Truth,2017-07-01 23:47:40,142137,72,360,134
370178512,1,paulgallo5,pg,2011-09-08 23:55:25,735,91,33,10
450467187,1,JoeAlberts1,J.Berts,2011-12-30 16:22:47,2276,88,59,36
917090420655566848,1,CheetoWafa,Cheeto Wafa,2017-10-09 02:12:49,10657,69,79,762
51769260,1,Dissbelief,"Bye, Felicia!",2009-06-29 00:26:03,41786,13,592,8067
3067066462,1,RizziRed,Rizzi Red,2015-03-03 11:48:27,12565,199,89,33
1265159433912369152,1,LannisterDebt,Ca$h Bar Classy,2020-05-26 13:55:02,1359,66,6,24
918694136168964096,1,DIEGO_westwitit,BigD559üëãDAüîÅRT#MAGAüá∫üá∏JUNKIEüôå,2017-10-13 12:25:25,2709,147,67,22
799316130070413312,1,SALisner,Stephen Lisner,2016-11-18 02:19:50,3146,155,81,2648
1194475636213063680,1,GeraldK63989588,Gerald Kramer,2019-11-13 12:42:53,644,29,1,4
3333206254,1,VernelShakti,Jen,2015-06-19 02:36:49,8183,97,21,281
89149731,1,ThaDude_74,Orange Blob,2009-11-11 17:47:34,7,11,9,156
1234381230876946432,1,Daemiev82,Devans,2020-03-02 15:33:24,20936,57,81,294
1316202656298414080,1,Pacl1wWXIAK5jrf,üê∫ÊÑõÊÑõ Â∑¶ Ï≤òÏùåÏ≤òÎüº ÊòéÂø´ ÊûúÊï¢ ÌÉúÌèâÍ∞Äüê∫üíØ,2020-10-14 10:24:34,2276,59,3,521
751566439,1,myshla0798,Dana Relph,2012-08-12 00:51:16,2224,143,140,10
700488306937634816,1,DeadLover73,OCIR,2016-02-19 09:13:21,34,51,4,246
388270686,1,briarwoodsrose,Always a rose,2011-10-10 21:38:42,3728,48,13,153
1237919518183378950,1,TDISportsClips,This Day In Sports Clips,2020-03-12 09:53:23,207,13,147307,3510
35478795,1,Red_Tanager,Red Tanager üåä,2009-04-26 22:48:14,8862,101,577,179
1323826752414777344,1,samri_samra,Samra,2020-11-04 11:17:57,1749,103,255,187
1338001387767160832,1,DrPeacelove,Dr. Peacelove ü¶ã,2020-12-13 14:02:53,40552,191,1431,2553
630605295,1,swahilitimes,Swahili Times,2012-07-09 05:11:19,850,0,1410374,60906
125346858,1,channelstv,Channels Television,2010-03-22 22:29:10,4801,189,6818490,118244
116252479,1,TheBlackChannel,Black Authority,2010-02-22 03:22:55,328,30,120199,2597
186276971,1,TheJimCornette,Jim Cornette,2010-09-03 09:05:26,35,130,222281,287
186276971,1,TheJimCornette,Jim Cornette,2010-09-03 09:05:26,35,130,222280,287
34000483,1,Grontor,Chris Peterson,2009-04-22 02:58:37,24607,30,38,39
59525321,1,HaroldFordJr,"Harold Ford, Jr.",2009-07-24 01:12:56,138,64,47818,37
1335216083448418304,1,Imee38865969,ItoM,2020-12-05 21:35:21,465,36,0,2
4833828281,1,LisaRob28510912,Lisa Roberts,2016-01-22 09:54:18,3346,69,100,16
102754598,1,JohnCendpts,John Carroll,2010-01-08 02:33:18,1182,93,70222,163
3013628326,1,realMichaelNotz,Michael Notz,2015-02-03 09:45:17,48957,191,382,372
2151693416,1,txJCTtx,JcT,2013-10-24 05:16:55,4157,85,152,881
1268687213937725440,1,jamesb27685191,jamesb,2020-06-05 07:33:27,6228,91,118,20
1345436483478499328,1,Yanetsi75154303,Yanetsis,2021-01-03 02:27:29,20,42,35,1
4258268057,1,LarryPfeifferDC,Larry Pfeiffer,2015-11-24 00:05:23,5829,125,8199,604
15315246,1,therealdjspin,Anibal A.,2008-07-04 13:15:02,1067,184,40,261
238770906,1,brantleymcteer,B,2011-01-16 08:47:18,171,176,47,35
841489249157468161,1,DemocracyDocket,Democracy Docket,2017-03-14 11:20:45,920,147,377492,698
841489249157468161,1,DemocracyDocket,Democracy Docket,2017-03-14 11:20:45,920,147,377483,698
1297510254008315908,1,RecoveringDemo5,Recovering Democrat,2020-08-23 20:26:01,167,96,3,1
2187250333,1,CasteFarms,Caste Farms - Mega Maga - ‚ùé,2013-11-11 06:12:16,2582,130,83,3787
994687619605893120,1,all_incorrect,IncorrectIsAll,2018-05-11 05:16:23,252,56,18,14
42148144,1,Maryiisa,(FJB)andhiszombies,2009-05-24 10:39:56,4835,193,42,258
845157941292380161,1,ElectionMapsUK,Election Maps UK,2017-03-24 14:18:50,9877,182,166814,5375
250898282,1,RCLibertyGirl,Jennifer P,2011-02-12 09:24:39,2322,10,41,10
917942190399283200,1,WitchyWeiner,Camolota,2017-10-11 10:37:27,12908,65,138,789
857080363,1,Outside_Margina,Outside The Marginals,2012-10-02 05:50:37,98869,71,581,531
896876548443295744,1,JustCall_MeJo,Je suis Fatty-Gay,2017-08-14 07:30:07,36965,145,3519,5350
1170080812080992257,1,coleyyy612,Nicole,2019-09-07 05:06:27,900,114,122,18
1136001792083447809,1,kirkminshow,The Kirk Minihane Show,2019-06-05 04:08:27,811,182,39909,7742
1205737169085698048,1,MateoGFischer,Mateo Fischerüåπ,2019-12-14 14:32:23,580,91,30,32
1324415586147934208,1,GREGJDavis2,GREGG K Davis,2020-11-06 02:17:48,26,153,8,21
1001122197967171584,1,OiPriscilla,A Priscilla de Schr√∂dinger,2018-05-28 23:25:06,4080,92,70,369
142393421,1,GloboNews,GloboNews,2010-05-11 03:31:38,468,107,5742199,76779
984096365579038720,1,LHHispanic,L&H Updates,2018-04-11 23:50:31,7598,81,187497,12809
3242789798,1,Goodmoringmm,Tamil,2015-06-12 09:09:27,10309,33,545,1379
1062256839083970560,1,LeeroyB19718763,Leeroy Brown,2018-11-13 16:12:20,52,0,0,7
1246475788289015808,1,Uti_Tanka,Uti Tanka,2020-04-05 00:32:55,1480,69,4,22
1335352535041925124,1,DreamersLegal,LegalDreamers,2020-12-06 06:37:47,7,31,67,9
15050354,1,Deseret,Deseret News,2008-06-09 05:32:51,3210,167,123560,55203
1334200244393787392,1,Blake_Comfort,Blake Comfort,2020-12-03 02:18:31,2,35,3,6
233626275,1,letmeplaygolf,Eye for an Eye,2011-01-04 02:33:06,909,17,6,24
205622130,1,KremlinRussia_E,President of Russia,2010-10-21 16:06:17,1,22,1853645,3201
41730943,1,VIVAcoid,VivaCoid,2009-05-22 10:19:27,410,11,4734624,214634
16929470,1,NYTObits,NYT Obituaries,2008-10-24 00:13:13,153,141,136626,3562
1258114391955984385,1,RedPilledPlayer,üíäBeware of Big Pharma & War Mongers üíä,2020-05-07 03:20:33,7491,147,1791,432
1327992665061863425,1,422Squad,Squad_422,2020-11-15 23:12:28,0,20,2,19
56812053,1,brycebennett,Bryce Bennett,2009-07-15 04:50:02,865,185,3445,191
253942705,1,BigMike8109,Big Mike,2011-02-18 16:44:12,17119,175,22823,7522
4072384573,1,rrmullins1957,Roberta Mullins Jone,2015-10-31 04:39:18,4611,186,28,7
44554692,1,LaJornada,La Jornada Impresa,2009-06-04 13:35:09,34,16,1265825,94111
2430359540,1,utdreport,utdreport,2014-04-06 20:06:07,2,123,1598576,15698
33003558,1,mschrank,James,2009-04-19 04:35:24,7732,93,94,146
1339029593508831232,1,Caligul22876002,Caligula,2020-12-16 10:08:48,15,85,0,20
1324712213752340481,1,SylvesterL_,Sylvester,2020-11-06 21:56:25,1576,59,24,343
160500787,1,xanarres,root_e,2010-06-28 18:18:42,16748,191,262,630
359127992,1,booklolly,booklolly,2011-08-21 10:22:30,38967,114,76,54
1237578874424344576,1,crossroads_josh,Crossroads with Joshua Philipp,2020-03-11 11:23:32,2649,33,29760,2121
1237578874424344576,1,crossroads_josh,Crossroads with Joshua Philipp,2020-03-11 11:23:32,2649,33,29761,2121
1081562149,1,Seinfeld2000,Seinfeld Current Day,2013-01-12 10:17:49,50789,1,324645,4015
2806341964,1,TBowen67,Thomas Bowen,2014-10-05 05:48:59,258,96,14,10
1334647091898048518,1,oreva_f,Maga F‚Äôoreva,2020-12-04 07:54:14,185,157,22,2
354807832,1,NoAntiBlkRacism,#NoAntiBlackRacism üá∫üá∏,2011-08-14 18:02:17,1089,25,321,110
16438078,1,ninagaspari,Nina Gaspari,2008-09-25 02:19:33,10720,20,5003,3343
913145364848488454,1,johndelavegalaw,"John R. De La Vega, P.A.",2017-09-28 04:56:35,3507,194,8246,1402
891989202,1,GaryThurner,Gary Thurner,2012-10-20 06:48:18,36970,199,216,668
53882081,1,hello1057,MK,2009-07-05 18:10:56,8225,129,104,0
4179725959,1,marcus_nobody,No one of Consequence,2015-11-09 21:35:18,232,22,15,24
288935074,1,ZackStieber,Zachary Stieber,2011-04-28 02:22:27,2917,63,14112,1157
348092069,1,rmillsram,Rod Mills,2011-08-04 05:29:24,656,163,10,6
371100481,1,Tim__Kang,Tim Kang,2011-09-10 13:56:41,5,72,43688,253
912007023297835008,1,the_artist_14,Denson/Nita,2017-09-25 01:33:13,22435,68,26,32
1296204857121046528,1,StormPatriotM,StormPatriotM,2020-08-20 05:58:31,17280,185,441,490
777355435133153281,1,kelly_rawlings2,Kelly Rawlings,2016-09-18 11:55:53,224,39,7,0
1209817795166384128,1,TopGirlKeiko,"Top Girl Keiko, J.D. üáØüá≤",2019-12-25 20:47:14,64893,5,63275,2126
1272204910977781761,1,jimijo1002,jimijo,2020-06-15 00:31:51,3562,181,77,69
1332132032793751555,1,AvastYeScalawag,Mr. Natural,2020-11-27 09:23:35,3,175,66,265
1291513391211638784,1,Lazlita1,Remember 1/6: The Day MAGAs Attacked Our Republic,2020-08-07 07:16:41,57238,185,245,237
1290851268043460616,1,MajinKing8211,its me (sneakyfreak8211),2020-08-05 11:26:21,2168,8,17,611
52644222,1,19987073,Sandra,2009-07-01 13:30:00,366,119,8,0
958774107994124288,1,iconiic1,Adrian Pascual,2018-02-01 02:48:55,7546,152,36,24
20059219,1,ChrisRolon,Chris Rolon‚òÆÔ∏è,2009-02-04 23:06:49,11825,147,89,15
863777678,1,987will,Williams,2012-10-06 06:40:37,7022,133,109,1370
725843220635258881,1,yelkdoji,Yelkodji Ngaba Jacques,2016-04-29 08:24:44,1240,102,27,8
2560824554,1,Ghasemlo1989,ŸÇÿßÿ≥ŸÖŸÑŸà,2014-06-11 15:36:44,23387,91,274,349
24740039,1,Dictionarycom,Dictionary.com,2009-03-17 02:20:11,12341,49,396001,10637
798882138108162048,1,Evar_Galois,Evariste,2016-11-16 21:35:19,99276,181,202,38
3054061793,1,Mathilde_Klara,Mathilde #WeAreOne,2015-02-23 06:01:55,81723,192,11478,7490
817761228688916480,1,mb_jfb,BFJ_MB,2017-01-07 23:54:05,4446,69,88,1043
122263163,1,Thatgalaxie,Dr. Christopher Ericson,2010-03-12 12:05:59,2007,93,20,113
1317343668509036544,1,BernMroz,Bern Mrozüá∫üá≤,2020-10-17 13:57:56,1787,188,59,44
1324222458623365120,1,Shannon102014,Shannon-WeAreTheNews,2020-11-05 13:30:22,3786,189,185,116
1238309845025067010,1,COVID1904186167,TRUMP CAN EAT ALL OF MY BALLS,2020-03-13 11:44:26,57,138,17,1067
1249062105099075584,1,Negar_Sadeghi91,"Negar Sadeghipour, PhD",2020-04-12 03:49:58,316,52,53,6
195471053,1,tttttrouble,Teresa,2010-09-27 03:58:39,2812,150,24,141
3300083518,1,CapRogers00,Spiderverse üï∑Ô∏è,2015-05-27 11:07:18,2828,30,121,588
915794714,1,JaeJew,Jae Joseph,2012-10-31 08:20:27,2505,42,138,1480
763111077290864640,1,SoFlaOpinion,Sun Sentinel Opinion,2016-08-10 04:33:53,84,162,1626,5261
1168726187268550656,1,codykondo,The Dark One‚Äôs Taint,2019-09-03 11:23:50,9997,74,283,399
1279473414655401987,1,FloridaVoter7,FloridaVoter,2020-07-05 01:53:45,876,172,29,76
336045351,1,angiehaynes2,angie dawes shay,2011-07-16 01:12:51,223,94,2,0
1799609088,1,DocLovetimothy,Doc Love,2013-09-08 12:06:31,10434,144,122,224
903388151292469248,1,theredninja760,Farva Time(AOC4),2017-09-01 06:44:54,4913,173,27,69
1022183958,1,BO3BPAT,Rinat,2012-12-19 22:30:24,60589,163,2826,7817
1267282261185105920,1,AtheartNygirl,nygirl_atheart,2020-06-01 10:30:18,4134,32,13,0
1282175644936413184,1,theunap84463018,theunapologeticconservative,2020-07-12 12:51:24,4576,191,24,5
1334528803624738816,1,MarcESmith9,Marc E. Smith,2020-12-04 00:04:04,255,27,3,38
1057452085283700736,1,candletrader805,Jason Candles,2018-10-31 09:59:58,800,120,22,3
1244056084056162305,1,LifeAndDogs,Larry Paise,2020-03-29 08:18:01,13192,171,139,294
76143486,1,anneluty,Anne Luty,2009-09-22 05:04:30,12945,158,8331,2157
1157108569352921089,1,THATBITCHELOR,100% that bach(elor fan),2019-08-02 09:59:15,178,47,1035,518
1257881122370969602,1,BartenderHemry,"Hemry, Local Bartender",2020-05-06 11:53:35,36374,180,4908,1672
1080204093862412288,1,npeeksxo,ùêçùê¢ùêúùê°ùêûùê•ùê•ùêû,2019-01-02 04:48:19,21570,63,18869,347
2195495816,1,freetofindtruth,Gematria Effect News,2013-11-15 14:43:40,3733,135,23752,9042
859509952406102016,1,MikeCobalt44,Mike.C,2017-05-03 04:48:36,89987,46,347,1888
407811646,1,AmmarCoban,Ammar,2011-11-08 23:51:06,821,174,107,7
1277309120345931777,1,Linda13535226,Linda,2020-06-29 02:34:17,2132,56,10,28
1342032603570954241,1,ThisVoter,this voter costs democrats the election,2020-12-24 17:01:31,1,38,529,1
625739552,1,5Forty3,Dr Praveen Patil,2012-07-04 01:42:17,679,73,71792,517
1240620947306090498,1,MattieMayMay,Mattie MayMay,2020-03-19 20:47:52,642,72,43,231
1337032682845261824,1,ev93ee,I Choose Science over Fiction,2020-12-10 21:53:36,22,35,5,47
1544820212,1,PattyFayeJA,Patty Faye,2013-06-25 12:47:59,5939,95,121,1029
1309889774778540035,1,RealNewsApp,Real News Now,2020-09-27 00:17:21,424,146,10075,587
1267257947979018241,1,shortysuzaa,Shawty,2020-06-01 08:53:48,481,17,9,21
2178455336,1,TOABofficial,TheOceansAreBurning,2013-11-07 01:06:17,5079,24,23,15
1269452617551212544,1,ArchbpVigano,Archbishop Carlo Maria Vigan√≤ (QTE),2020-06-07 10:14:39,0,0,84257,112
1333723383524167680,1,SSNPAC,Stop Socialism Now PAC,2020-12-01 18:43:41,2,3,40,7
1314573195077394438,1,RavenousLyfe,Raven,2020-10-09 22:27:40,40,10,3,26
1107046846998958081,1,ToisutaChiquira,Chiquira Toisuta üáµüá∏üïä,2019-03-17 06:31:51,30044,16,324,10067
838869759395414017,1,AlexPierson0,Alex,2017-03-07 05:51:50,133185,153,170,41
1182425173045239808,1,Rebel47721783,Rebelwolf ate Q for lunch,2019-10-11 06:41:01,2957,180,74,1177
192759780,1,SignalsMidwest,Signals Midwest,2010-09-20 10:16:10,6265,45,4009,1286
1242932824467963911,1,tumtonks,thomas the divorced trader,2020-03-26 05:54:18,18832,82,17697,3039
1242932824467963911,1,tumtonks,thomas the divorced trader,2020-03-26 05:54:18,18832,82,17696,3039
36169080,1,BarbraStreisand,Barbra Streisand,2009-04-29 04:14:43,805,156,804461,1294
36169080,1,BarbraStreisand,Barbra Streisand,2009-04-29 04:14:43,805,156,804459,1294
36169080,1,BarbraStreisand,Barbra Streisand,2009-04-29 04:14:43,805,156,804457,1294
818519970669850626,1,Archnemoo,Archi,2017-01-10 02:09:03,2939,102,83,75
1340313565538955265,1,RayAshFan,Ray (logged out),2020-12-19 23:11:24,48,100,55,0
1207430052633292802,1,BadHealthAdvice,Dr. Badvice,2019-12-19 06:39:01,4086,100,11521,424
87775422,1,ChinaDaily,China Daily,2009-11-06 04:30:10,1158,157,4164487,115006
87775422,1,ChinaDaily,China Daily,2009-11-06 04:30:10,1158,157,4164455,115005
87775422,1,ChinaDaily,China Daily,2009-11-06 04:30:10,1158,157,4164451,115004
1230991302474383360,1,gradymeans1,@gradymeans1,2020-02-22 07:03:09,97,17,579,644
392884284,1,jjz1600,James J. Zogby,2011-10-18 02:18:38,6404,55,47790,2597
4121225056,1,CLewandowski_,Corey R. Lewandowski,2015-11-06 02:19:17,401,52,511550,411
4121225056,1,CLewandowski_,Corey R. Lewandowski,2015-11-06 02:19:17,401,52,511552,411
4204418232,1,sammycakez_,Sammy ‚ôçÔ∏é,2015-11-12 03:27:05,34551,90,500,45
377043986,1,terryholmes314,terry holmes,2011-09-21 06:45:28,8342,98,13,1
1275119460349861890,1,NjPandemic,NJ Pandemic Warriors,2020-06-23 01:33:03,85,165,1950,54
1329077243872636929,1,NSzawlosky,Nathan szawlosky,2020-11-18 23:01:37,13,147,42,13
3681832514,1,BrassOfFreshAir,John Burton (Johno),2015-09-25 21:25:52,1267,190,28,4
225077988,1,BullionNation,Bullion Nation‚Ñ¢,2010-12-11 00:33:45,7153,121,2148,1030
1237989949,1,Nicksmom97,PsychRN,2013-03-03 14:01:46,13408,157,65,53
1338911238206582784,1,Jenniferfam7,Jennifer,2020-12-16 02:23:43,1424,58,16,4
1304177706666467330,1,TheMintEconomy,The Mint Economyüåø,2020-09-11 05:59:38,1774,97,4849,682
793239962699304961,1,mascmurderer,mascmurderer,2016-11-01 07:55:19,32,1,3,1
821446682860732416,1,sallyjewell,Sally Jewell,2017-01-18 03:58:45,374,14,6070,94
266206611,1,boobiejohnson1,"Boobie Johnson‚Ñ¢ ""Oath Taker""",2011-03-15 05:17:19,42,128,25,37
767006068996055040,1,AnnChri91014814,Ann Christine,2016-08-20 22:31:12,37132,198,211,343
1296256744662892544,1,SarahStarkid1,üï∑Sarah the punk rock babyüï∑,2020-08-20 09:24:56,12459,142,49,127
1074132384784764928,1,RyeGuy32351543,FREAKING PROUD CANADIAN,2018-12-16 10:41:31,1949,172,16,23
971176748166647809,1,CautiousLefty,Political Pragmatist,2018-03-07 08:12:35,6,10,5373,2452
1280838693268393986,1,bilddawall,bilddawall,2020-07-08 20:20:03,10,56,6,349
1251557815090581504,1,loudpatriots,Southern Fried Chicken üá∫üá∏üá∫üá∏,2020-04-19 01:07:31,6683,161,73,228
768466757325586436,1,bachgreg34,Greg Bach,2016-08-24 23:15:27,1088,45,20,5
14314214,1,meghantonjes,Meghan Tonjes,2008-04-06 12:25:41,58557,36,49887,3351
21694845,1,GlasAmerikeVOA,Glas Amerike VOA,2009-02-24 05:17:20,257,134,3972,10795
6527972,1,randfish,Rand Fishkin,2007-06-03 03:28:10,124523,118,465816,5304
19029580,1,SRCC,Senate Republican Communications Center,2009-01-16 01:24:36,2218,110,25976,675
1332602699544625156,1,RajendrajDarda,Rajendra Darda,2020-11-28 16:31:07,11095,139,4215,1105
1317669008,1,_TrainerR3D_,Trainer Red üß¢,2013-03-31 11:52:31,12873,123,124,256
1194685135397900290,1,Truth_Minded,TruthMinded,2019-11-14 02:35:16,258,196,104,724
703722876,1,ThomasHall17,B. Thomas Hall,2012-07-19 04:20:20,33794,129,3098,184
1607299146,1,EstadioTomatero,EstadioTomatero,2013-07-20 11:25:46,15638,23,7368,5815
1327046385775112192,1,SewardKay,Kay Seward,2020-11-13 08:32:09,28859,153,296,22
1298285862040621059,1,lane_jud,Txn4Evr,2020-08-25 23:47:37,708,88,31,81
636469320,1,Michael_S_Ander,Michael Anderson,2012-07-16 03:13:13,31,130,101,527
1174980053668524033,1,dril_gpt2,wint but Al,2019-09-20 17:34:31,386,9,68297,41
1042038539800731650,1,BigTechAlert,Big Tech Alert,2018-09-18 21:12:02,12,0,81559,3
1115769979,1,Laserman59,John L. Phillips,2013-01-24 10:06:09,11415,129,109,6294
1308832024690454528,1,Vikrama37104415,Vikramaditya,2020-09-24 02:14:20,3347,142,163,206
820447366033477632,1,PotatoAdvicee,Potato Advice,2017-01-15 09:47:50,115,1,18,96
1014728560727265280,1,LAZARUSCHAKWERA,Dr. Lazarus Chakwera,2018-07-05 12:31:56,700,73,131783,750
1244665120556494848,1,AndyKingston8,Andy Kingston,2020-03-31 00:38:04,1617,70,27,33
165885247,1,RorateCaeli,Rorate Caeli,2010-07-13 04:01:20,121054,143,36961,3768
108870336,1,237online,Cameroun,2010-01-27 15:44:59,12190,40,242823,22843
3061691994,1,dana821j,Dana ‚ù§üá∫üá∏,2015-03-05 02:20:42,13360,185,145,24
1216901303953055746,1,DDDX0_,DDDX0_,2020-01-14 09:54:33,1100,59,376,505
973299583555194885,1,yavinshaham,Yavin Shaham,2018-03-13 04:47:58,228,157,3594,2
1278828545024815104,1,dean1965slc,dean.valerio$lc,2020-07-03 07:11:10,116,18,0,1
980655312,1,freyntje,Filip Reyntjens,2012-11-30 23:21:41,214,21,17202,154
1281598968250667008,1,LyneUpdates,Lyne Ren√©e Updates,2020-07-10 22:39:53,1018,34,739,1464
3105449443,1,MvonSneidern,Martin von Sneidern,2015-03-24 04:47:13,0,12,0,0
3099613624,1,salmahayek,Salma Hayek,2015-03-20 23:48:51,8,122,548976,288
27711339,1,JaredLeto,JARED LETO,2009-03-31 03:40:51,7185,4,4074032,6759
55281918,1,hotsauceisgreat,Neal,2009-07-10 00:23:30,798,179,320,7876
22029874,1,alvaroforero,Alvaro Forero Tasc√≥n,2009-02-27 00:43:40,12425,139,41431,1020
3261142548,1,abasitpak1,Abdul Basit,2015-06-30 18:33:17,12678,139,60044,863
15524948,1,NoRestrictions,No Restrictions Studios,2008-07-22 10:30:55,39315,123,12948,4103
1171006088323522561,1,SMkwedini,Siyabonga Mkwedini,2019-09-09 18:25:04,8,12,6,19
854816979047374850,1,Gowharbtjmi,Global Citizen,2017-04-20 06:00:24,8236,173,55,52
1097358804512137216,1,RetiredOrrin,Retired Orrin G. Hatch (inactive),2019-02-18 12:55:01,104,162,25139,820
34359954,1,joangrande,Joan Grande,2009-04-23 02:53:47,9481,65,494502,334
34359954,1,joangrande,Joan Grande,2009-04-23 02:53:47,9481,65,494506,334
1159867019329789953,1,FriskyCentipede,Johan,2019-08-10 00:40:21,1388,72,29,183
964257065601585152,1,JakubZelezny,Jakub ≈Ωelezn√Ωüá®üáø,2018-02-16 05:56:14,2,0,75742,615
508375319,1,abbysAZIZ,ARNIS4212,2012-02-29 12:40:55,2586,105,71,199
1049711488817090561,1,asqari_ir,ŸÖÿ≠ŸÖÿØÿßŸÖ€åŸÜ ÿßÿµÿ∫ÿ±€å,2018-10-10 01:21:36,1763,159,1983,344
3881280738,1,JasonABN1,Jason,2015-10-13 22:14:03,24735,133,29,4
943988499958697984,1,ashdash210,Lee,2017-12-22 07:36:11,2937,50,5,8
1087382252340764673,1,BenKenobi_DN,Obi-Wan Kenobi,2019-01-22 00:11:46,3003,50,25,77
1135468733957386240,1,AppleTerminal,Apple Terminal,2019-06-03 16:50:16,157,2,23057,6077
37034483,1,ndtv,NDTV,2009-05-02 04:34:48,63,15,17844031,571298
724822077283377152,1,jimmytoast,jamie,2016-04-26 12:47:04,8275,87,4923,571
454125646,1,Ponasenkov,–ï–≤–≥–µ–Ω–∏–π –ü–æ–Ω–∞—Å–µ–Ω–∫–æ–≤,2012-01-04 01:09:30,355,0,67640,7137
64639742,1,JagranNews,Dainik Jagran,2009-08-11 13:51:40,2160,80,2267303,47104
2247822258,1,estadoisrael,Noticias de Israel,2013-12-16 06:14:37,2289,169,79344,1345
1324462450469560320,1,Dylanjo86488829,Dylan jones,2020-11-06 05:24:03,4,1,0,0
1312111225451487232,1,FelonyWear,Felony Wear,2020-10-03 03:25:11,126,7,3,421
956927351446794242,1,RN_Inchieste,Rec News - Lontani dal mainstream,2018-01-27 00:30:34,652,119,954,488
257685428,1,KoenF67,Koen üëãüèº,2011-02-26 07:39:16,13123,131,198,2661
91324809,1,Thorsten_,Teefer üá™üá∫üá≥üá±,2009-11-20 19:57:55,11579,43,146,410
1324370375871004673,1,AutumnF53160468,Autumn Fisher,2020-11-05 23:18:31,8,104,28,0
1042312145474482176,1,GeorgeCipparro2,George Cipparrone,2018-09-19 15:19:15,20,61,197,6187
2507099090,1,SilentPoolGin,Silent Pool Gin,2014-05-19 18:52:21,6781,179,14135,1629
1185988908,1,TibetanReview,TibetanReview,2013-02-16 19:57:25,464,59,10077,5269
883237819564666881,1,SSAashleygmz,ash,2017-07-07 16:14:40,3221,121,115,449
836392106352599040,1,BosnianHistory,Bosnian History,2017-02-28 09:46:32,10952,154,71419,5832
1012987479610265600,1,armgov,Government of Armenia,2018-06-30 17:13:30,75,77,98190,1010
3591642132,1,BadruddinAjmal,Maulana Badruddin Ajmal,2015-09-17 15:54:22,1906,94,186325,750
1233879045978443777,1,jorgeunofficial,Jorge M. Su√°rez Azcargota,2020-03-01 06:17:57,2057,164,5808,302
18103148,1,CSiriano,Christian Siriano,2008-12-14 03:14:26,13281,148,371542,7950
46936704,1,idlebrainjeevi,idlebrain jeevi,2009-06-14 02:30:14,37,93,272951,16184
169018518,1,AmarUjalaNews,Amar Ujala,2010-07-21 18:04:08,1578,86,2158050,28396
1062061458526232576,1,smoakinchenford,Caitlin üåö‚Ñ¢Ô∏è,2018-11-13 03:15:58,122141,156,2680,12694
488308025,1,falih_448,ŸÅÿßŸÑÿ≠ ÿßŸÑÿ¥ÿ®ŸÑŸä Falih Alshibly,2012-02-10 17:40:59,11821,57,80547,15105
56110512,1,abuwalidtt,walid bin amina,2009-07-12 23:07:43,40897,196,254,1283
21536398,1,GreggJarrett,Gregg Jarrett,2009-02-22 09:59:05,29,125,859436,274
933370784,1,Warreagle9,Brian,2012-11-08 09:27:46,954,63,38,268
1312021114109997058,1,maxflyingbird,maxflyingbird,2020-10-02 21:26:34,30,84,12,0
2841992286,1,ksabacschmidt,Kie Smith,2014-10-06 13:54:06,993,82,8,6
765756476031918080,1,TZMsemajiMkuu,Msemaji Mkuu wa Serikali,2016-08-17 11:45:45,430,10,721707,9420
1256434880948383744,1,Suzette88319590,Suzette,2020-05-02 12:06:46,926,9,4,1
1245876703,1,goodersfotc,Si Goodwin,2013-03-06 19:22:05,145,56,53,13
1256554968804442112,1,schnitzelburg,Hans Schnitzelburg,2020-05-02 20:03:55,10076,62,0,1
14305530,1,strobist,David Hobby üì∑,2008-04-05 03:31:36,42142,88,256116,6090
124622618,1,thatjenmonroe,Jen Monroe,2010-03-20 09:16:20,69153,162,12837,2194
2792113214,1,mellowrock5,MellowRock ‚ÄúBoom Boom‚Äù,2014-09-05 22:59:20,350,55,29,31
1303716915190419456,1,Slimey_God_104,#Bigüêçlime,2020-09-09 23:30:21,4,61,57,7
1316454190512775170,1,aldrictt,ty,2020-10-15 03:02:21,4704,42,93,10
45743272,1,athein1,au ng,2009-06-09 10:39:05,1119,33,9118,459
4828009565,1,timhansenYT,Timmeh,2016-01-20 07:46:53,10092,107,58389,429
1321200464965369861,1,_ii_Izzy_ii_,~^Mari^~,2020-10-28 05:22:10,1434,48,12,23
927275283962572806,1,Lora_locks,Laura Smith,2017-11-06 04:43:50,494,30,13,2
1313958445226262533,1,jayceel44425601,jaycee lynn,2020-10-08 05:44:49,33,23,1,0
191025308,1,mattvasold,Matthew,2010-09-15 20:45:35,976,44,27,10
769672369128542208,1,ChvrchLights,chvrch lights,2016-08-28 07:06:07,33292,196,134,491
88171926,1,eu_anninha_,Ana Paula,2009-11-07 20:01:12,3732,184,158,319
17469492,1,CFR_org,Council on Foreign Relations,2008-11-19 03:55:35,1426,191,542628,11475
396888309,1,PaulFletcher14,Paul Fletcher,2011-10-24 06:37:54,38811,166,2961,4626
935269769078382592,1,GatchetLevi,Levi Gatchet,2017-11-28 06:11:04,708,44,6,5
182563832,1,KritiPreity,üí´ Kriti üí´,2010-08-25 06:10:37,37819,191,445,1414
1203167369352249344,1,FanitaSolomon,Fanita Fay Solomon,2019-12-07 12:20:47,140,114,4325,80
1063726442943528960,1,MarketaMaty,Mark√©ta Maty√°≈°ov√°,2018-11-17 17:32:01,3387,165,23,8
980720462056558592,1,RayDeniro46,R‚öúÔ∏èy Deniroüá∑üá∫+üá∫üá¶=Peaceüî±,2018-04-02 16:15:53,2336,183,92,639
1261026510804267014,1,RealGunLobbyist,Aidan Johnston,2020-05-15 04:12:12,4995,165,6976,529
1231342443141812224,1,John94546740,John,2020-02-23 06:18:28,1,9,0,47
439290853,1,De_Lourencco,D√©bora Louren√ßo,2011-12-18 00:03:29,1191,66,184,69
15773898,1,tommcclintock,McClintock for Congress,2008-08-08 11:48:37,33,34,5271,133
81293002,1,theyactualysaid,Sid Says,2009-10-10 14:01:16,520,163,44,55
38473704,1,ricebellypanda,Sherman Yang,2009-05-08 01:25:05,10183,127,176,84
69441672,1,dawnjanee,Dawn Janee`,2009-08-28 07:38:37,241,79,40,4
69416519,1,infobae,infobae,2009-08-28 05:57:01,792,0,3547570,389738
20002978,1,GongwerMichigan,Gongwer Michigan,2009-02-04 04:52:52,652,96,16180,6777
20002978,1,GongwerMichigan,Gongwer Michigan,2009-02-04 04:52:52,652,96,16181,6777
1242872335272738817,1,julianne_burtin,julib_pbc,2020-03-26 01:54:03,1321,96,17,3
19198755,1,SegravesNBC4,Mark Segraves,2009-01-20 03:56:16,1489,0,14646,3684
1361679572,1,bnentwig1,Bnoody,2013-04-18 19:29:12,139,134,52,26
362562899,1,andywallbanger,Andy Wallbanger,2011-08-27 00:14:33,12675,74,49,81
1172868023734218756,1,Angelavoice58,Angela,2019-09-14 21:42:22,33093,195,224,1
1221664727685828608,1,GrizzlyTruthPod,That Guy‚ô†Ô∏è,2020-01-27 13:22:36,17318,179,104,1539
1311150774257217537,1,dsullly11,dpsully412,2020-09-30 11:48:15,1456,188,30,13
1124209083391676421,1,StarrDigi,DigiStarrofficial,2019-05-03 15:08:27,2,103,25,189
253854657,1,Prof_Malhotra,Deepak Malhotra,2011-02-18 11:07:04,16,27,24247,420
768079867,1,CiaranIsOkay,Ciaran Jones,2012-08-20 03:14:43,33435,179,306,214
588109764,1,okparantaobinna,ANONYMOUS,2012-05-23 13:21:41,943,149,77,36
1315683340687638531,1,veazey_c,Cassandra C Veazey,2020-10-12 23:58:56,1270,127,32,77
121492226,1,vaticannews_fr,Vatican News,2010-03-10 01:29:38,4945,74,52801,8873
956092082728456192,1,jlprdeangola,Jo√£o Louren√ßo,2018-01-24 17:11:30,14,0,125349,31
952761798817665024,1,EmJay_USA,Em Jay,2018-01-15 12:38:09,5509,147,80,876
18079284,1,RevistaSemana,Revista Semana,2008-12-13 00:25:25,2199,42,5478379,148038
883069589722198018,1,PeteStauber,Pete Stauber,2017-07-07 05:06:11,127,110,7360,1579
763122993308442624,1,OkChocta,A Gar,2016-08-10 05:21:14,10012,144,55,168
606743323,1,757_Tweets,757 Tweets,2012-06-13 07:53:37,1831,17,13357,732
123145972,1,dodgerblues,Dodger Blues,2010-03-15 12:27:40,184,67,5712,120
94381181,1,DavisTefl,SeanR TEFL,2009-12-04 02:10:10,50622,158,86,3051
1855462262,1,SaifsArt,Saif's Art,2013-09-12 05:06:10,3577,1,6289,1061
1855462262,1,SaifsArt,Saif's Art,2013-09-12 05:06:10,3578,1,6289,1061
4785060910,1,atelier_msrp,atelierMSRP,2016-01-12 22:37:28,87,92,120,70
786993759871459328,1,Tink1378J,Tink,2016-10-15 02:15:08,912,49,32,41
1323651624464748552,1,MLakwijk,Mariken Lakwijk,2020-11-03 23:42:03,2,7,2,0
71381313,1,camryngrimes,Camryn Grimes,2009-09-04 06:41:47,5454,58,70066,530
861874213283606529,1,YofiWear,YofiWear,2017-05-09 17:23:20,128,0,3,1
1281973756357939200,1,tashaeatonx,Tasha Eaton,2020-07-11 23:29:04,1903,77,9,5
1021976784328421383,1,cvprincess717,Danielle Hurley,2018-07-25 12:33:47,4,50,6,0
1318791315820318720,1,Bk59288414,Bk,2020-10-21 13:49:00,0,31,0,1
171240938,1,Warringale,Naua Jon,2010-07-27 06:17:28,1860,123,347,1176
1296255313675456519,1,ItaliaPaget,stephanyeü™ê,2020-08-20 09:18:53,1307,84,91,72
1084149784808689695,1,SchwarzerHund40,Pippilotta,2019-01-13 02:07:06,382589,159,123,6116
1043229887220404224,1,nicocomix,Nico,2018-09-22 04:06:02,1565,148,223,1457
1315355390285144064,1,EmilyGr72595385,Emily Grant,2020-10-12 02:15:49,5,61,0,1
856866429144059904,1,kubamilcarz,Kuba Milcarz,2017-04-25 21:44:11,8577,188,318,200
1000792280490479621,1,Andrea57422696,Andrea,2018-05-28 01:34:08,0,1,1,7
1136477285387603968,1,atcln__,Ashley,2019-06-06 11:37:54,276,24,24,19
4846039489,1,Outlaw3310,Jesse Smith,2016-02-02 03:59:14,662,171,15,65
618425337,1,XavierWulf,Dragon Fang,2012-06-26 02:57:56,34906,101,208302,1254
1114778371,1,srtapulido99,Lady Laura,2013-01-24 00:38:00,129,181,32,52
594813423,1,AlMayadeenNews,ŸÇŸÜÿßÿ© ÿßŸÑŸÖŸäÿßÿØŸäŸÜ,2012-05-31 00:45:49,629,109,2061439,154719
2513761008,1,andrewcuomo,Andrew Cuomo,2014-05-22 05:53:10,46,184,82352,596
3353383450,1,rochkaborepf,Roch KABORE,2015-07-01 23:42:09,562,162,409024,3636
84447226,1,KaitlinOlson,kaitlin olson,2009-10-23 07:01:26,4511,171,609270,162
4829412688,1,officeofJJR,Jerry John Rawlings,2016-01-20 19:37:50,9,66,41975,217
711916113848770560,1,YemenEmbassy_DC,Yemen Embassy D.C.,2016-03-21 22:03:23,934,4,30865,1433
1131859041603469312,1,ebklegacy,Ernest Bai Koroma,2019-05-24 17:46:39,2534,45,108275,352
14985578,1,Nas_k27,Nasreen,2008-06-03 05:45:32,442997,189,54566,5638
19348944,1,Greensolutions3,Green Solutions,2009-01-23 01:20:18,1208,118,158,58
1164801318742982656,1,SudanPMHamdok,Abdalla Hamdok,2019-08-23 15:28:09,69,0,753749,499
1251590074053115909,1,GeneralDagllo,Mohamed Hamdan Daglo,2020-04-19 03:15:17,14,22,246580,295
66591836,1,cnnarabic,CNN ÿ®ÿßŸÑÿπÿ±ÿ®Ÿäÿ©,2009-08-18 12:10:21,4789,185,13338729,51655
339936438,1,roco_smith507,Roco_Smith,2011-07-22 06:07:55,608,54,27,8
872255176492683264,1,novia_ramsay,Novia Ramsay,2017-06-07 08:53:34,19836,75,415,597
1301537276749635585,1,PR_Congo,Pr√©sidence de la R√©publique du Congo - Officiel,2020-09-03 23:07:47,88,36,23431,1293
884455440293269505,1,NikolovScience,"Ned Nikolov, Ph.D.",2017-07-11 00:53:04,11415,103,28867,6467
988517346032672779,1,UnnecRoughness,Unnecessary Roughness,2018-04-24 04:37:55,837,178,141871,13003
148978040,1,BluePhoenixRuns,Dayna Lepin,2010-05-28 11:03:39,1526,136,117,77
1129871005189455873,1,WhollyPuck,WhollyPuck,2019-05-19 06:06:54,3990,100,26,7
974365589631328256,1,1krow1976,Not sure,2018-03-16 03:23:54,13525,87,16,148
231776370,1,princediiego,üÑ≥üÑ∏üÑ¥üÑ∂üÑæ üÑ∞üÖÅüÖÉüÑ¥üÑ∞üÑ∂üÑ∞,2010-12-29 20:43:55,2571,146,243,415
876657973644455936,1,KhidqteTsogo,city's garden boy,2017-06-19 12:28:43,99,128,26,5
39488770,1,hvgoenka,Harsh Goenka,2009-05-12 20:34:16,198744,99,1813936,5624
18259232,1,seangunn,Sean Gunn,2008-12-20 10:32:58,4007,180,118058,117
1308159862849728512,1,KimOnTheRight,Kim,2020-09-22 05:43:42,7132,151,627,269
1264765387440295936,1,subtoconnorpls,conar,2020-05-25 11:49:09,445,4,174256,757
851975023,1,ShimermanArmin,Armin Shimerman,2012-09-29 08:31:17,3637,116,127817,130
1297921497193906178,1,nonmenefottechi,Non me ne fotte chi√∫,2020-08-24 23:39:52,4,31,1,2
27767375,1,boakyewaaglover,Boakyewaa Glover,2009-03-31 08:12:07,15262,181,692,106
355989081,1,ANI,ANI,2011-08-16 13:23:41,71,0,8018203,383425
355989081,1,ANI,ANI,2011-08-16 13:23:41,71,0,8018158,383414
715979593090359296,1,LokiJulianus,Just Loki,2016-04-02 03:10:12,45674,198,62079,12686
890084773225484290,1,FreshPr1ncee,Fresh,2017-07-26 13:42:01,7500,61,229,12
1324057499432030210,1,Mia43455466,Mia,2020-11-05 02:34:53,444,63,2,9
1301494025510432769,1,samozwancza143,Agatha,2020-09-03 20:15:48,67,34,9,2
2257232263,1,goneblond,Debbie Stuckless ü´ê,2013-12-22 11:41:16,12802,182,165,322
1293586434079764483,1,mydj04,MYDJ04,2020-08-13 00:34:08,2,2,0,1
194680908,1,NikkiGoode89,Nikki Humphreys,2010-09-25 02:49:26,108,161,50,59
23970102,1,BillOReilly,Bill O'Reilly,2009-03-12 23:44:18,393,106,3313723,1138
2797280657,1,jjpassi,Passi,2014-10-01 13:55:24,15,60,9,6
399958730,1,nitarrh,Anita Ginigeme,2011-10-28 17:14:06,216,110,119,18
741389742684545024,1,Aaron_M_Lewis,Aaron Lewis,2016-06-11 06:01:03,1812,193,248,0
977258479038722048,1,michaeljameiso2,michael jameison,2018-03-24 02:59:12,4,2,4,2
59330116,1,BerryTramel,Berry Tramel,2009-07-23 10:14:00,17,47,41933,294
277818299,1,quaylalikes90,Chaquayla Halmon,2011-04-06 10:59:20,88,81,31,80
2317491876,1,JessHopkins08,Jessica Hopkins,2014-01-30 01:12:47,9526,113,49,166
400682647,1,Rulle_Anders,Anders Eriksson,2011-10-29 20:19:28,14,80,86,19
2459644405,1,Jonathan_K_Cook,Jonathan Cook,2014-04-23 20:07:16,9750,74,117358,793
74980737,1,OpIndia_com,OpIndia.com,2009-09-17 18:25:56,63,112,667835,1165
1026420680227741697,1,Zourabichvili_S,Salome Zourabichvili,2018-08-06 18:52:14,941,117,88240,1220
1313905254463877123,1,Acito05928186,YeahISaidThat,2020-10-08 02:13:34,892,95,19,5
1198501566568730625,1,1artie1,Artie,2019-11-24 15:20:24,2411,0,275975,116
1252682171946430464,1,imanifyy,IMANifyü¶ñ,2020-04-22 03:34:51,447,25,10,22
275341159,1,bernstein_anna,Anna,2011-04-01 10:50:35,1481,193,260,176
968342100247920640,1,NowNotLater4,Now_Not_Later,2018-02-27 12:28:42,97095,193,133,19
1325214872322207746,1,DorisTa00117941,Doris Taylor,2020-11-08 07:14:08,44,22,1,0
1218110532558970880,1,BadPickin,Bad Pickin,2020-01-17 17:59:32,150,0,10,11
903824715189510144,1,GurbirGrewalNJ,Gurbir S. Grewal,2017-09-02 11:39:39,23,78,8877,45
483238801,1,asgsasgs,Amanda,2012-02-05 03:54:45,5214,64,68,36
582324689,1,paul_previte,PaulP,2012-05-17 09:21:30,95,87,10,23
66106683,1,SimonDixonTwitt,Simon Dixon,2009-08-16 20:22:17,18613,157,131602,6010
1256574476956971008,1,naughty45219454,naughty,2020-05-02 21:21:34,97,43,20,3
215728045,1,Linkiesta,Linkiesta,2010-11-15 03:15:30,8016,167,317944,62782
1324100365625761792,1,AmandaCespede10,Amanda Cespedes,2020-11-05 05:25:18,120,154,34,0
16145763,1,tjholmes,T.J. Holmes,2008-09-06 00:36:39,43,0,141930,1633
1307233258078220288,1,sw4ggydud3xx,Derrek the Gothic Meerkat |Legendary Trophy Hunter,2020-09-19 16:21:15,38,30,2,46
264478824,1,iamdelmancoates,"Delman Coates, Ph.D.",2011-03-12 08:03:38,1208,103,3345,1219
834078524277456897,1,mhdksafa,Mohamad Safa,2017-02-22 00:33:11,20019,37,368639,1817
1245791784841760770,1,NorthBoundGSL,NORTHBOUND GLOBAL SERVICES LTD.,2020-04-03 03:14:55,214,159,45,38
969592840660684800,1,BrennansPan,Brennans Sliced Pan.,2018-03-02 23:18:42,137,136,114,3
913131817,1,Lenin,Len√≠n Moreno,2012-10-30 03:54:52,146,41,1070625,3354
1254729004310880256,1,MohamMeraj,Mohammad Merajuddin,2020-04-27 19:08:11,1107,119,23,266
1082030991688970240,1,dioselingiron,dioselin,2019-01-07 05:47:46,44447,161,252,87
22829831,1,PiscesLikeJosh,üíúüê∞PiscesLikeJoshüê∞üíú,2009-03-05 04:36:59,204,173,851,2634
149812539,1,chrismurphys,chris murphy,2010-05-30 16:35:51,9541,12,21476,3195
1324531426658758663,1,thetrol49632319,the troll,2020-11-06 09:58:05,3,27,0,0
1204509594267074561,1,MAKadhimi,Mustafa Al-Kadhimi ŸÖÿµÿ∑ŸÅŸâ ÿßŸÑŸÉÿßÿ∏ŸÖŸä,2019-12-11 05:14:56,4,0,1511697,69
775838082356613120,1,sandygarner1223,Sandy Garner,2016-09-14 07:26:28,48482,136,149,49
556151596,1,LKrauss1,Lawrence M. Krauss,2012-04-18 01:42:33,9051,195,492264,1527
1003507623214370816,1,SergioCosta_Gen,Sergio Costa,2018-06-04 13:23:56,469,142,28178,471
2799515463,1,FEGnassingbe,Faure Essozimna GNASSINGB√â,2014-10-02 15:57:05,464,131,231657,1105
1247346587895988224,1,PCojac,PiercedCojac,2020-04-07 10:13:05,4341,82,33,8
24405628,1,sweetkomal,Komal,2009-03-15 02:13:15,10493,124,1373,1322
1324249164339941377,1,Feline67559560,Feline,2020-11-05 15:16:45,159,44,6,2
67557000,1,RedEaredRabbit,RedEaredRabbit,2009-08-21 16:01:55,380,173,3683,1059
1315481666,1,PetroDivisa,Petro Divisa,2013-03-30 08:26:43,22623,67,164673,13328
3310237142,1,voice4Bdi,QueenInalys,2015-08-09 12:46:34,144,36,10,31
17393219,1,Dereklowe,Derek Lowe,2008-11-15 03:01:39,50,81,53446,489
1650706502,1,PeggyBarmore,Peggy Barmore,2013-08-07 00:27:16,326,169,132,7
3148361078,1,RepMikeLang,Mike Lang,2015-04-11 00:14:51,1727,181,2603,217
158217857,1,giressbaggothy,M√©moireRDCüá®üá©,2010-06-22 10:52:15,135416,99,77516,13164
1259990120897241088,1,quick_burner,QuickBurnerAC,2020-05-12 07:33:53,115,18,6,16
815538450,1,Troy_IRL,Troy Esquivel,2012-09-11 00:20:43,21266,42,1427,3893
49384084,1,MahyarTousi,Mahyar Tousi,2009-06-22 02:19:09,5044,117,193335,7412
49384084,1,MahyarTousi,Mahyar Tousi,2009-06-22 02:19:09,5044,117,193334,7412
1081222837459996672,1,RepKatiePorter,Rep. Katie Porter,2019-01-05 00:16:27,185,97,1279920,1150
3590856733,1,katpic57,Kat Denise ‚òÆÔ∏è,2015-09-17 13:59:42,286960,131,2228,14902
166629825,1,Citadel1842,The Citadel,2010-07-15 00:43:51,4058,191,14885,1885
17544399,1,JamesARay,James Arthur Ray,2008-11-22 04:05:28,14282,75,91816,5813
1189388681867489280,1,fan4940,SoundersFan4940,2019-10-30 11:49:02,19602,184,121,581
705126546009255936,1,SpacekruDefense,Erin üíóMIKE/ELEVEN/MILEVEN DEFENDERüíó,2016-03-03 04:24:03,15397,36,108,801
1208820638799974400,1,CultureShockted,Salt of the Earth,2019-12-23 02:45:01,332,45,1,29
1287201137825914880,1,hunterfor2040,hunter cuevas,2020-07-26 09:40:55,2386,179,11,11
1027051354186035201,1,DJCastr62087451,DJ Castro,2018-08-08 12:38:19,267,18,8,10
1251805874441670661,1,RatiRenpi,Renpi Rati,2020-04-19 17:32:45,401,32,7,32
14385076,1,ABQJournal,Albuquerque Journal,2008-04-14 21:40:17,22,78,103081,39632
1321200085053677569,1,DonRankin20,Don Rankin,2020-10-28 05:20:37,12,8,0,0
1316889050675032064,1,mattskidm,Matt‚Äôs Sh*tposts,2020-10-16 07:50:07,376,24,276,12
1025754206261706753,1,expatwholunches,ExpatLadyWhoLunches,2018-08-04 22:43:55,29,59,19,4
1325234139986006016,1,real_rembrandt,Real Rembrandt,2020-11-08 08:30:35,14,8,0,3
330195501,1,ZAYSTACKZ215,ZAY$TACKZ,2011-07-06 15:45:01,4275,61,1440,5662
774375415460790273,1,Don_Patriota1,P A T R I O T A üá®üá¥,2016-09-10 06:34:21,163957,25,24083,3946
980994579448188929,1,FrostNNYC,Margaret Campbell,2018-04-03 10:25:08,1061,69,11,5
1227306255657709570,1,LauraAlvarezJC,Laura Alvarez,2020-02-12 03:02:54,2296,86,34282,101
981274167260729345,1,90sWWE,90s WWE,2018-04-04 04:56:07,562,94,550659,1439
1164357547211612160,1,ECaliberSeven,Ethan C7,2019-08-22 10:04:20,29290,71,9305,1935
2854727706,1,Willie700WLW,Bill Cunningham,2014-10-14 04:34:52,130,2,26365,131
40256008,1,EmisorasUnidas,Emisoras Unidas,2009-05-15 22:55:55,4853,94,1537849,370802
44164531,1,JavierOlivares,Javier Olivares A,2009-06-03 01:40:30,4976,69,87882,2740
44164531,1,JavierOlivares,Javier Olivares A,2009-06-03 01:40:30,4976,69,87879,2740
614347188,1,Lin_Mijn_Heldin,üêπü¶ãYoLindaü¶ãüêπ,2012-06-21 20:16:50,15164,156,238,1760
1019210736348823552,1,AltafHussain_90,Altaf Hussain,2018-07-17 21:22:30,45,2,87096,953
1246442872489922563,1,ThomasF46895220,Thomas Fredrickson,2020-04-04 22:22:01,4054,58,45,207
759692754985242625,1,kumparan,kumparan,2016-07-31 18:10:42,954,3,1057150,87901
194238131,1,TahirSimsek,Tahir ≈ûim≈üek,2010-09-24 03:16:22,6332,48,174248,46045
1154576912255279104,1,iamher_02,üêê‚ôàÔ∏èüí¶,2019-07-26 10:19:21,430,51,15,7
33750798,1,ScottWalker,Scott Walker,2009-04-21 09:15:16,2457,180,277540,10005
33750798,1,ScottWalker,Scott Walker,2009-04-21 09:15:16,2457,180,277531,10004
33750798,1,ScottWalker,Scott Walker,2009-04-21 09:15:16,2457,180,277547,10009
2646201022,1,minority981,Ibrahim Abdul-Malik,2014-06-27 14:44:30,71,78,27,4
17292272,1,realdonmorton,Donald Morton (The Character Coach),2008-11-11 02:56:43,1839,134,2144,336
953120601064988672,1,grownlol,grown,2018-01-16 12:23:54,1149,186,85,369
345231050,1,Dogu_Perincek,Doƒüu Perin√ßek,2011-07-30 15:35:55,517,70,219458,1362
258907071,1,kevinobriensj,"Kevin O'Brien, S.J.",2011-03-01 03:25:30,210,197,3767,378
1316773796032901122,1,JacobTa63527620,Jacob Taylor,2020-10-16 00:11:59,258,139,6,3
2265102608,1,MichaelStuerzi,MichaelSt√ºrzenberger,2013-12-28 08:23:49,106,137,9092,260
1279429216015011841,1,neru_and_staff,Èï∑Êø±„Å≠„Çã&STAFF,2020-07-04 22:58:08,3582,20,350678,1145
24619328,1,DKElections,Daily Kos Elections,2009-03-16 08:47:48,105,143,54093,5281
2280782713,1,bic_ce,Bill Cecil,2014-01-07 23:39:45,23102,166,34,10
1234873215069061122,1,Spelman_Econ,Spelman Economics,2020-03-04 00:09:33,270,100,305,27
1234534132950147074,1,uni777444,uni777444,2020-03-03 01:41:00,1157,127,113,141
831541283793534976,1,WDust00,W. Dust,2017-02-15 00:31:06,19345,195,179,599
1120055925241413632,1,Watchman61088,Chad Thomas,2019-04-22 04:05:16,5406,65,26089,1674
260454712,1,DumpDonDrumpf,Zack,2011-03-04 06:37:55,12365,51,65,203
872388097,1,elmarcarelse,Elmar,2012-10-11 03:35:38,23,59,32,16
1209336942,1,JoeBrolly1993,Joe Brolly,2013-02-23 01:43:47,48,33,219826,1902
43350851,1,robertjeffress,Dr. Robert Jeffress,2009-05-29 23:34:04,507,89,115424,13057
1731878023,1,NationBreaking,Nation Breaking News,2013-09-05 20:48:52,13,28,1826971,14148
1195788156571914242,1,lestdoodle,lestroodledoodles,2019-11-17 03:38:19,4949,85,1017,90
1007700402924675073,1,hourglasskas,Kas,2018-06-16 03:04:33,3586,122,79,486
1291496230946779137,1,DeeceKnutz,Deece Knutz,2020-08-07 06:08:05,381,30,9,187
954830639634796545,1,Parkway20001,Parkway20001,2018-01-21 05:38:59,35487,181,60,2
761568335138058240,1,OfficialFPL,Fantasy Premier League,2016-08-05 22:23:35,879,23,5792014,28301
1318585000086953986,1,jaylu47551562,jaylu,2020-10-21 00:09:31,2087,190,6,0
1176674394564788224,1,DonnyTheMessiah,Donald J. Trump (parody),2019-09-25 09:47:00,74847,18,14084,3302
1277309785847869441,1,LovesNotTourism,LOVE IS NOT TOURISM,2020-06-29 02:36:43,830,133,10083,36
1313817645754576897,1,sheedarealone,Sheedarealone,2020-10-07 20:25:25,132,43,6,2
45878013,1,Shortgamehack,Shortgamehack,2009-06-10 00:41:13,9328,183,179,364
431066477,1,joefischCA,Joe Fisch - Let‚Äôs Have A Dem Landslide In 2024,2011-12-08 05:49:09,2737,108,236,25
1276674375479996416,1,LilyyAlexander,Lily Alexander,2020-06-27 08:31:11,193,110,17957,45
1047676701717798914,1,Ncstolat,Ncstolat,2018-10-04 10:36:05,23560,187,40,274
1266406478279303170,1,Firebrand_Pod,Firebrand with Matt Gaetz,2020-05-30 00:30:14,246,2,8688,188
816201896,1,NaomiBiden,Naomi Biden,2012-09-11 07:02:13,265,112,304537,68
913722042,1,ShannaRose77,Shanna Rose Thompson,2012-10-30 10:37:35,1482,117,22,9
929489333765201920,1,strawbiesoup,archer (they/them),2017-11-12 07:21:41,14533,136,107,160
1322333331665510400,1,eliarizona73,eli,2020-10-31 08:23:45,27,5,0,0
1231233157065773056,1,TheGreatWhiteN9,TheGreatWhiteNorthFreePress ‚òÆÔ∏è,2020-02-22 23:04:09,324,69,126,425
4498797082,1,Magica_00,Magica 0 (Valter spammer),2015-12-16 11:25:27,2905,55,196,150
796555385880662020,1,Persevere2020,Change Agent,2016-11-10 11:29:38,1945,160,37,377
343041550,1,SerenityC68,Therese Tyas,2011-07-27 07:57:57,66830,69,237,370
2369486747,1,pause_alice,Alice Pause,2014-02-28 02:27:37,34,67,20,0
31250128,1,mmodi93,Mitali,2009-04-15 06:36:53,41,199,2985,2058
891093831386529797,1,Boober4411,GlovesAreComingOff,2017-07-29 08:31:39,36389,158,116,163
788776669616152576,1,dheraoui1,Deb,2016-10-20 00:19:47,17136,148,28,3
2309206074,1,MountRainierWA,Mount Rainier,2014-01-25 09:14:43,277,15,32798,72
9835622,1,TheyCallMeTarz,Tarz („Å£‚óï‚Äø‚óï)„Å£,2007-11-01 04:35:39,36461,161,5135,1176
842412851654402049,1,gyanjarahatke,Gyan Jara Hatke,2017-03-17 00:30:49,24192,55,29826,2612
872456626019717120,1,TallymonBanana,Tally Mon Banana,2017-06-07 22:14:03,2,2,1912,2
3060626605,1,Kit_ONeil,Kit O'Neill,2015-03-04 08:02:22,613,164,62,117
1304979181147582464,1,jojo11887852,jojo,2020-09-13 11:04:38,4054,71,9,691
1320604859926679552,1,victorw32148927,victor ward,2020-10-26 13:55:36,1163,50,4,7
830074118645096448,1,JeananneRalph,Jeananne Mott Ralph,2017-02-10 23:21:06,12262,136,196,9
2362950391,1,CoachKCKeeler,KC Keeler,2014-02-27 00:56:01,1643,181,16351,260
52437155,1,RajeevSrinivasa,Prof ‡§∞‡§æ‡§ú‡•Ä‡§µ‡§É ‡§∂‡•ç‡§∞‡•Ä‡§®‡§ø‡§µ‡§æ‡§∏‡§É,2009-07-01 00:14:32,14070,162,13446,4394
864038394,1,GooooooooooUtes,Family on three!,2012-10-06 11:04:02,35896,77,132,49
4827204749,1,boopster277,Elizabeth Philpot,2016-01-20 02:34:03,10902,84,44,88
2713223209,1,rxgau,Robert Christgau,2014-08-07 07:37:59,737,96,15414,33
1048662984132890624,1,wtfockenglish,wtFock English,2018-10-07 03:55:13,184,6,12419,841
1276823455342747649,1,Guess_Wh0_0,Guess What (.)¬ø(.),2020-06-27 18:25:22,6233,168,127,136
741641892,1,PeterMantell,Peter Mantell,2012-08-07 07:08:54,3545,167,29,78
2389419156,1,captinpeachfuzz,peach,2014-03-15 00:28:57,5338,80,48,1649
1324091310064676869,1,pjdorio,pjdorio.eth,2020-11-05 04:49:32,906,161,29,59
487297085,1,RonDeSantis,Ron DeSantis,2012-02-09 14:41:04,68,3,2256819,1276
401579858,1,ahmednasirlaw,Ahmednasir Abdullahi SC,2011-10-31 03:21:22,18905,100,2274073,3710
1273218547846729729,1,ArabNewsfr,Arab News French,2020-06-17 19:39:14,74,90,83940,49795
2841160223,1,nsjnews,North State Journal,2014-10-22 21:31:10,492,48,3520,171
92519948,1,jade6940,Helane,2009-11-25 21:22:59,1721,178,61,27
321982414,1,AndrewWerner2,Andrew Werner üá∫üá¶,2011-06-22 21:08:07,1818,148,77,53
193466736,1,mediocentr0,Ahead of the Curve,2010-09-22 06:03:39,1163,134,40471,4783
109646676,1,PadillaNews,Alberto Padilla,2010-01-30 03:42:18,58,54,44679,942
22626881,1,yenisafak,Yeni ≈ûafak,2009-03-03 22:14:06,2,37,1128980,150959
1277177709156761600,1,stevecrighton90,Steven Crighton,2020-06-28 17:51:21,223,19,2,262
713777971,1,jwiedle24,JD,2012-07-24 14:05:04,300,63,22,16
1221510193567150085,1,ariesanakin,bren (playing stardew valley),2020-01-27 03:08:28,3634,196,819,2558
1310573864829755398,1,DemsAbroadKE,Democrats Abroad Kenya,2020-09-28 21:36:34,1500,92,262,135
1133217491063173120,1,calda7719,Calda7719,2019-05-28 11:44:38,908,101,8,367
1325941257839972353,1,RudyH426,Rudy Hernandez,2020-11-10 07:20:19,3951,85,4,7
181280675,1,wassdoc,Mike Wasserman,2010-08-22 03:55:18,56638,31,3947,543
1306376847962193920,1,Cristin72032631,Cris luna,2020-09-17 07:38:32,3359,167,9,1010
973302847654760448,1,porquetendencia,¬øPor qu√© es tendencia?,2018-03-13 05:00:56,3898,147,1582377,33286
43017766,1,RGVzoomin,Ram Gopal Varma,2009-05-28 09:36:41,87,77,5982499,4584
626390087,1,AlainSoralOffic,AlainSoralOffic,2012-07-04 19:38:26,122,69,64540,4233
125370749,1,haveigotnews,Have I Got News For You,2010-03-22 23:56:12,13,126,1048584,2499
125370749,1,haveigotnews,Have I Got News For You,2010-03-22 23:56:12,13,126,1048586,2499
803648695660986369,1,eha_news,EHA News,2016-11-30 01:15:54,0,4,32201,44463
1316495876882403334,1,Asadalism,Asad Ali,2020-10-15 05:47:40,58,36,84,20
24969337,1,Milenio,Milenio,2009-03-18 06:26:38,16,3,5828500,719509
2284802828,1,pbhushan1,Prashant Bhushan,2014-01-10 17:18:00,100,75,2412607,3445
1003672320781807616,1,GovParsonMO,Governor Mike Parson,2018-06-05 00:18:23,10123,85,67232,5889
87968068,1,PostGraphics,Post Graphics,2009-11-06 23:52:27,297,46,70542,6133
4358049196,1,amybNICUrn,Amy Beckwith,2015-12-03 13:14:11,4664,128,44,12
1119430978496344064,1,Paul_Heckman_,Paul Heckman,2019-04-20 10:41:58,37127,148,441,189
995889342512943104,1,la_ims,FOUR SEASONS landscaper,2018-05-14 12:51:36,13,162,350,180
739042814755901440,1,News18TamilNadu,News18 Tamil Nadu,2016-06-04 18:35:12,97,57,1364232,98073
952695919014830080,1,Sean__Last,Sean Last,2018-01-15 08:16:22,2659,167,7894,765
19321350,1,bstevensauthor,Unite & Fight,2009-01-22 10:22:27,167,130,237,12
1869817063,1,ernestoyamhure,Ernesto Yamhure,2013-09-16 09:14:39,4818,57,69654,2506
1255559354251706368,1,PautasDoMoro,"Sergio Moro,o Senador do Brasil",2020-04-30 02:07:47,14567,33,11071,1182
975055622063276032,1,scxrudro,`,2018-03-18 01:05:50,1943,125,178,180
17710740,1,dna,DNA,2008-11-28 23:39:38,127,18,2277609,199434
2180281743,1,squidstatue,Nonna,2013-11-14 08:35:27,2545,144,514,95
32971226,1,gustavomendestv,Gustavo Mendes,2009-04-19 02:42:51,1581,133,54099,1163
1048433304112959488,1,Freda346109013,Fred,2018-10-06 12:42:33,1522,195,63,299
1092378031,1,GuardianAus,Guardian Australia,2013-01-15 23:16:44,109,170,357973,4095
436429668,1,NikkeiAsia,Nikkei Asia,2011-12-14 13:17:05,1094,94,408586,19988
1314130666955706369,1,Sophie65128041,Sophie,2020-10-08 17:09:11,5,17,2,0
2228021351,1,bwrgiants,Brian Reed 8645110320,2013-12-16 11:45:10,311,40,13,10
14851168,1,ryanburge,Ryan Burge üìä,2008-05-21 10:19:07,4140,186,21837,4129
14851168,1,ryanburge,Ryan Burge üìä,2008-05-21 10:19:07,4140,186,21838,4129
17715048,1,VEJA,VEJA,2008-11-29 02:18:59,426,30,9094229,72507
2644552239,1,pokerlynn,poker lynn,2014-06-27 02:09:17,110959,165,248,79
1291516963248902152,1,TheSWATteam2020,The S.W.A.T. Team,2020-08-07 07:30:36,761,181,281,68
39065161,1,JoeWongComedy,Joe Wong,2009-05-10 23:50:33,2889,199,47031,783
1257333586052689922,2,LiberalHivemind,Liberal Hivemind,2020-05-04 23:37:50,186,179,90335,712
45075214,2,siasatpk,Siasat.pk,2009-06-06 13:24:04,4752,1,2531116,83354
45075214,2,siasatpk,Siasat.pk,2009-06-06 13:24:04,4753,1,2531089,83354
1178435687634239488,2,Tina67536990,Tina,2019-09-30 06:25:48,76692,109,413,19154
1299899736476905473,2,floppydiskst,floppydisk,2020-08-30 10:40:55,18,7,36,277
100731315,2,ActualidadRT,RT en Espa√±ol,2009-12-31 17:33:16,268,77,3512446,421734
1323810348936450049,2,AbelDeki,Abel Robel Deki Tigray,2020-11-04 10:12:57,3842,68,1300,167
2779389582,2,SteveHiltonx,steve hilton,2014-08-30 07:23:37,46,183,233945,1902
2779389582,2,SteveHiltonx,steve hilton,2014-08-30 07:23:37,46,183,233958,1902
1333536332241461249,2,jl_2022,JL Mealer Candidate Arizona Governor 2022,2020-12-01 06:20:23,34,40,2,3
1248996730940448774,2,ratemyskyperoom,Room Rater,2020-04-11 23:30:36,50946,2,384763,35434
1248996730940448774,2,ratemyskyperoom,Room Rater,2020-04-11 23:30:36,50947,2,384750,35435
1248996730940448774,2,ratemyskyperoom,Room Rater,2020-04-11 23:30:36,50947,2,384751,35435
1096640482111901698,2,Sportsgirlnj17,CuriousCat16,2019-02-16 13:20:40,116164,48,357,679
2509961817,2,Chenzoart74,Lorenzo Bolzani - Chenzo,2014-04-26 14:46:46,225,53,31,1360
95943434,2,ChrisSununu,Chris Sununu,2009-12-11 01:18:58,123,138,30566,1202
1036044059196960769,2,MikeNP40,Mike N,2018-09-02 08:12:07,4297,21,43,4
913430370485510146,2,GulfIntlForum,Gulf Int'l Forum,2017-09-28 23:49:05,1652,91,50666,1616
913430370485510146,2,GulfIntlForum,Gulf Int'l Forum,2017-09-28 23:49:05,1651,91,50666,1616
1254215707157573632,2,swifferstruggle,swiftie struggle tweets,2020-04-26 09:08:33,62053,4,219721,6346
1254215707157573632,2,swifferstruggle,swiftie struggle tweets,2020-04-26 09:08:33,62053,4,219714,6346
1254215707157573632,2,swifferstruggle,swiftie struggle tweets,2020-04-26 09:08:33,62054,4,219712,6346
181238109,2,Marge1234567,MargeToledo,2010-08-22 01:30:18,1630,54,9,150
783212119,2,TJWilk_WA,PacNW Purple Patriot,2012-08-27 05:15:21,51810,171,195,500
1332381264050008065,2,mary_less,NoWhammies,2020-11-28 01:50:41,558,28,17,445
820732147489116160,2,GeoffHale2,Geoff Hale,2017-01-16 04:39:27,3260,83,62,49
22642788,2,pewresearch,Pew Research Center,2009-03-04 00:39:39,1285,85,439121,41105
22642788,2,pewresearch,Pew Research Center,2009-03-04 00:39:39,1285,85,439122,41105
1034257433353433089,2,4_evercool,4EVERCOOL,2018-08-28 09:52:42,0,171,15,791
872563312394870785,2,RzstProgramming,Resist Programming üõ∞,2017-06-08 05:17:59,12462,166,44307,12331
1140659626444070912,2,thebeanzer,beanz is love beanz is life,2019-06-18 00:37:02,162,46,6629,266
27708897,2,Reforma,REFORMA,2009-03-31 03:30:49,480,141,3840304,113182
27708897,2,Reforma,REFORMA,2009-03-31 03:30:49,480,141,3840219,113173
27708897,2,Reforma,REFORMA,2009-03-31 03:30:49,480,141,3840156,113173
95023423,2,UberFacts,UberFacts,2009-12-07 00:07:01,1222,1,13350144,27733
95023423,2,UberFacts,UberFacts,2009-12-07 00:07:01,1222,1,13350210,27733
3129968261,2,TimothyDSnyder,Timothy Snyder,2015-03-31 05:25:57,2,52,539058,432
3129968261,2,TimothyDSnyder,Timothy Snyder,2015-03-31 05:25:57,2,52,539062,432
1005535676,2,MillicentOmanga,Hon Millicent Omanga,2012-12-12 12:11:59,8441,87,1019156,1069
1338573461233541121,2,QQQQTSPB,Rita Mu√±oz,2020-12-15 03:56:53,253,58,2,12
1145763823,2,davidpmerriam,David P Merriam,2013-02-04 01:36:41,17147,94,479,507
1107421968578433024,2,mataneven,Matan Even,2019-03-18 07:22:27,8911,68,255145,375
1107421968578433024,2,mataneven,Matan Even,2019-03-18 07:22:27,8911,68,255147,375
1258049885582110720,2,HazelbakerTammy,Tammy Hazelbaker,2020-05-06 23:04:28,2610,123,14,45
1169350557447970816,2,zanexcon,.ZANE//XC,2019-09-05 04:45:21,135,28,794,166
726505007332335616,2,Jeffz_2007,Jeff Z,2016-05-01 04:14:26,9006,118,8,9
87416722,2,SkyNewsBreak,Sky News Breaking,2009-11-04 19:25:45,0,3,4976136,13
966617065246380032,2,Bull_Sander,Bull Sander üè¥‚Äç‚ò†Ô∏è,2018-02-22 18:14:02,140244,199,8041,4575
847075612841971712,2,ProfBlacktruth,ProfessorBlackTruth,2017-03-29 21:18:58,3432,0,45669,1989
47353139,2,David_Boaz,David Boaz,2009-06-15 22:55:29,805,86,23926,1149
47353139,2,David_Boaz,David Boaz,2009-06-15 22:55:29,805,86,23927,1149
1312226607256477701,2,JasmineKnow2,Jasmine,2020-10-03 11:03:10,138,115,659,13
967044677903020032,2,serioustalk01,Straight No Chaser ü¶©,2018-02-23 22:33:12,37588,124,1020,625
967044677903020032,2,serioustalk01,Straight No Chaser ü¶©,2018-02-23 22:33:12,37595,124,1020,625
890762265938591746,2,MattGaetzLiver,Matt Gaetz‚Äô Liver üç∏,2017-07-28 10:34:08,53052,3,10827,1133
1097618307778150400,2,PacificReports,DC Document Reports,2019-02-19 06:06:12,11474,120,6249,3250
824473943931293697,2,RoguePOTUSStaff,Rogue POTUS Staff,2017-01-26 12:28:01,666,67,577602,258
824473943931293697,2,RoguePOTUSStaff,Rogue POTUS Staff,2017-01-26 12:28:01,666,67,577601,258
3161515759,2,CharlyBuhale,Abolish GOP liars.,2015-04-18 02:15:35,14326,115,48,86
17471979,2,NatGeo,National Geographic,2008-11-19 05:28:10,7740,193,29309350,8024
17471979,2,NatGeo,National Geographic,2008-11-19 05:28:10,7740,193,29309345,8024
1299604517806202880,2,santacl55928982,SantaClaus,2020-08-29 15:07:31,565,26,63,549
197224469,2,Corey_Feldman,Corey Feldman,2010-10-01 07:25:58,152978,47,164823,1805
197224469,2,Corey_Feldman,Corey Feldman,2010-10-01 07:25:58,153008,47,164822,1805
1140753106092752896,2,votesaveamerica,Vote Save America,2019-06-18 06:48:29,0,151,56265,1491
1140753106092752896,2,votesaveamerica,Vote Save America,2019-06-18 06:48:29,0,151,56264,1491
49631876,2,Elaijuh,Jonathan Lai üôä Ë≥¥ÊüèÁæΩ,2009-06-22 21:45:55,12853,9,11466,3695
134758540,2,timesofindia,The Times Of India,2010-04-19 18:50:15,17,146,14713640,410564
134758540,2,timesofindia,The Times Of India,2010-04-19 18:50:15,17,146,14713596,410563
1966507722,2,DDNewsHindi,‡§°‡•Ä‡§°‡•Ä ‡§®‡•ç‡§Ø‡•Ç‡•õ,2013-10-17 18:22:17,6216,136,1189181,102283
1966507722,2,DDNewsHindi,‡§°‡•Ä‡§°‡•Ä ‡§®‡•ç‡§Ø‡•Ç‡•õ,2013-10-17 18:22:17,6216,136,1189174,102283
2896327913,2,AllanLichtman,Allan Lichtman,2014-11-29 03:28:41,64,159,37907,79
1228353000390975489,2,k_ovfefe2,Trump Tweet Liker and Retweeter,2020-02-15 00:19:23,195135,84,25880,8733
1228353000390975489,2,k_ovfefe2,Trump Tweet Liker and Retweeter,2020-02-15 00:19:23,195141,84,25877,8733
1228353000390975489,2,k_ovfefe2,Trump Tweet Liker and Retweeter,2020-02-15 00:19:23,195135,84,25881,8733
1028866124623110144,2,WCWOA,White-Collar Workers of America,2018-08-13 12:49:34,44292,71,5645,2952
1028866124623110144,2,WCWOA,White-Collar Workers of America,2018-08-13 12:49:34,44303,71,5645,2952
39743812,2,EconomicTimes,Economic Times,2009-05-13 20:54:58,468,44,4340843,166694
39743812,2,EconomicTimes,Economic Times,2009-05-13 20:54:58,468,44,4340839,166691
39743812,2,EconomicTimes,Economic Times,2009-05-13 20:54:58,468,44,4340793,166681
1196441152486072320,2,CBS_Herridge,Catherine Herridge,2019-11-18 22:53:25,9,31,496917,1619
1196441152486072320,2,CBS_Herridge,Catherine Herridge,2019-11-18 22:53:25,9,31,496915,1619
14294848,2,snopes,snopes.com,2008-04-04 01:00:11,340,82,285654,7667
1090639530460356610,2,raheim_sanders,RocketSanders üöÄ,2019-01-30 23:55:01,6689,90,12101,193
735964948732481536,2,abstract_absurd,Annabelle Schramm,2016-05-27 06:44:52,271,149,7,5
764962305578786816,2,walterowensgrpa,Walter(Owen's Grandp,2016-08-15 07:10:00,1491,129,130430,119
764962305578786816,2,walterowensgrpa,Walter(Owen's Grandp,2016-08-15 07:10:00,1491,129,130432,119
43425975,2,NY1,Spectrum News NY1,2009-05-30 06:37:45,2516,138,465925,26686
43425975,2,NY1,Spectrum News NY1,2009-05-30 06:37:45,2516,138,465927,26686
1041044330092195840,2,RichardHanania,Richard Hanania,2018-09-16 03:21:24,24753,159,83239,11582
1041044330092195840,2,RichardHanania,Richard Hanania,2018-09-16 03:21:24,24752,159,83242,11577
499107966,2,Fatimatu_A,Fatimatu Abubakar,2012-02-22 03:46:16,454,166,22788,721
957097344998215680,2,Nedsfeed,Ned,2018-01-27 11:46:03,4278,66,66061,54
36974428,2,GoodwinMJ,Matt Goodwin,2009-05-02 00:04:08,7594,195,130229,5019
36974428,2,GoodwinMJ,Matt Goodwin,2009-05-02 00:04:08,7594,195,130238,5019
4794834798,2,hsojlightfoot,üè≥Ô∏è‚Äçüåà Joshua Carpenter üéÆ,2016-01-22 04:46:18,187592,68,35,1947
4794834798,2,hsojlightfoot,üè≥Ô∏è‚Äçüåà Joshua Carpenter üéÆ,2016-01-22 04:46:18,187594,68,35,1947
18071358,2,ZeeNewsEnglish,Zee News English,2008-12-12 14:01:55,1,23,5616581,87133
18071358,2,ZeeNewsEnglish,Zee News English,2008-12-12 14:01:55,1,23,5616568,87126
24619641,2,DavidNir,David Nir,2009-03-16 08:49:41,130,22,17556,1993
123171317,2,NavbharatTimes,NBT Hindi News,2010-03-15 14:49:43,5,84,1249975,120988
123171317,2,NavbharatTimes,NBT Hindi News,2010-03-15 14:49:43,5,84,1249968,120986
3071162052,2,hkfp,Hong Kong Free Press HKFP,2015-03-10 17:56:33,0,26,424817,49142
3071162052,2,hkfp,Hong Kong Free Press HKFP,2015-03-10 17:56:33,0,26,424816,49142
1707321486,2,madeleine,Madeleine Albright,2013-08-28 21:49:49,648,69,267740,222
63362429,2,7NewsAustralia,7NEWS Australia,2009-08-06 11:54:12,524,167,272617,56393
63362429,2,7NewsAustralia,7NEWS Australia,2009-08-06 11:54:12,524,167,272615,56391
123545062,2,hamiltonnolan,Hamilton Nolan,2010-03-16 20:24:41,8970,192,53758,887
123545062,2,hamiltonnolan,Hamilton Nolan,2010-03-16 20:24:41,8972,192,53758,887
910492003359760384,2,JohnBrennan,John O. Brennan,2017-09-20 21:13:04,1,0,909472,4
910492003359760384,2,JohnBrennan,John O. Brennan,2017-09-20 21:13:04,1,0,909461,4
567289542,2,Saudi_Gazette,Saudi Gazette,2012-04-30 21:01:28,20,2,513304,38104
15392391,2,kfc,KFC,2008-07-11 23:16:14,11483,11,1670122,2634
1187712584075620352,2,DiciWashington,WashingtonDici,2019-10-25 20:48:59,2291,16,7786,476
771160003793170432,2,NFLResearch,NFL Research,2016-09-01 09:37:27,72,137,348657,864
771160003793170432,2,NFLResearch,NFL Research,2016-09-01 09:37:27,72,137,348653,864
957455883679813634,2,SergioChouza,Sergio Chouza,2018-01-28 11:30:46,298,88,88985,22301
957455883679813634,2,SergioChouza,Sergio Chouza,2018-01-28 11:30:46,298,88,88983,22299
189305014,2,BNONews,BNO News,2010-09-11 06:43:34,262,6,446372,5626
189305014,2,BNONews,BNO News,2010-09-11 06:43:34,262,6,446375,5626
1212427775404937217,2,SowersJon,Jon Sowers,2020-01-02 01:38:28,48569,115,279,12291
1000733456,2,3sa_Lucia,LUCIA,2012-12-10 10:36:39,2359,122,108,13
1156560530594832390,2,AnnamiePaul,Annamie Paul,2019-07-31 21:41:33,516,43,29789,588
814535949635850240,2,drjoseoscarv,Dr. Jos√© Oscar Vald√©s,2016-12-30 02:17:58,12636,128,28668,1849
814535949635850240,2,drjoseoscarv,Dr. Jos√© Oscar Vald√©s,2016-12-30 02:17:58,12638,128,28668,1849
1295977068899966976,2,Zephyr71479725,Zephyr,2020-08-19 14:53:14,4,19,1,4
3091150576,2,trtworld,TRT World,2015-03-13 19:23:42,0,26,572880,101134
1336430861944836100,2,realJohnBarron6,@realJohnBarron,2020-12-09 06:02:17,487,22,13,131
264248576,2,renoomokri,Reno Omokri,2011-03-11 23:53:54,2153,22,2479434,15833
264248576,2,renoomokri,Reno Omokri,2011-03-11 23:53:54,2153,22,2479370,15830
19563355,2,NumbersUSA,NumbersUSA,2009-01-27 06:41:13,1759,122,35100,2332
19563355,2,NumbersUSA,NumbersUSA,2009-01-27 06:41:13,1759,122,35098,2332
948246983298383872,2,FabricOfLifeNY,Fabric Of Life,2018-01-03 01:37:53,103213,81,199,43
53120768,2,ESPNStatsInfo,ESPN Stats & Info,2009-07-03 01:03:54,813,61,1786893,46230
862088787353935872,2,realFraudTrump,realFraudaldTrump,2017-05-10 07:35:58,4,42,19,34
17864468,2,srfnews,SRF News,2008-12-04 17:55:34,965,55,413443,13824
17864468,2,srfnews,SRF News,2008-12-04 17:55:34,965,55,413434,13824
17864468,2,srfnews,SRF News,2008-12-04 17:55:34,966,55,413434,13824
17864468,2,srfnews,SRF News,2008-12-04 17:55:34,966,55,413424,13824
1272061759050838017,2,GypsyWorker,Peace On Earth~Leigh,2020-06-14 15:02:26,1274,175,20,26
34294819,2,OnlineDetective,Brent O,2009-04-22 23:03:46,115,59,1721,3036
2786053933,2,zei_squirrel,‚òÄÔ∏èüëÄ,2014-09-02 21:46:47,200467,0,194436,8276
2786053933,2,zei_squirrel,‚òÄÔ∏èüëÄ,2014-09-02 21:46:47,200539,0,194510,8275
1072443446437257217,2,TurkishIndy,Independent Turkish,2018-12-11 18:50:17,2,8,391054,119528
1072443446437257217,2,TurkishIndy,Independent Turkish,2018-12-11 18:50:17,2,8,391062,119423
76707735,2,QuinnipiacPoll,Quinnipiac University Poll,2009-09-24 01:54:35,1,3,82480,728
263292498,2,AlbertBrooks,Albert Brooks,2011-03-10 03:29:47,5,1,1586843,45
263292498,2,AlbertBrooks,Albert Brooks,2011-03-10 03:29:47,5,1,1586852,45
60937837,2,Swamy39,Subramanian Swamy,2009-07-28 23:48:23,567,123,10891331,1332
60937837,2,Swamy39,Subramanian Swamy,2009-07-28 23:48:23,567,123,10891330,1332
